"clusterID_seq","window_type","sum_c","mean_p","mean_f","Nhat","TO_mean","riparian_area_sum","catchment_area_max","contains_null","time_period","SWA","t"
"1","dammed",2,0.914310896148408,0.0259661170311753,2.24575324363287,35.8548540813878,2429.32555361791,947.465,FALSE,"sum_SWA_t1",0,"1"
"1","dammed",2,0.914310896148408,0.0259661170311753,2.24575324363287,35.8548540813878,2429.32555361791,947.465,FALSE,"sum_SWA_t2",0,"2"
"1","dammed",2,0.914310896148408,0.0259661170311753,2.24575324363287,35.8548540813878,2429.32555361791,947.465,FALSE,"sum_SWA_t3",0,"3"
"1","dammed",2,0.914310896148408,0.0259661170311753,2.24575324363287,35.8548540813878,2429.32555361791,947.465,FALSE,"sum_SWA_t4",49.4931440334694,"4"
"1","dammed",2,0.914310896148408,0.0259661170311753,2.24575324363287,35.8548540813878,2429.32555361791,947.465,FALSE,"sum_SWA_t5",0,"5"
"1","dammed",2,0.914310896148408,0.0259661170311753,2.24575324363287,35.8548540813878,2429.32555361791,947.465,FALSE,"sum_SWA_t6",0,"6"
"1","dammed",2,0.914310896148408,0.0259661170311753,2.24575324363287,35.8548540813878,2429.32555361791,947.465,FALSE,"sum_SWA_t7",0,"7"
"1","dammed",2,0.914310896148408,0.0259661170311753,2.24575324363287,35.8548540813878,2429.32555361791,947.465,FALSE,"sum_SWA_t8",0,"8"
"1","undammed",0,0.91995406597871,0.0255653026078821,0,38.2247053097554,3316.61748619936,892.65967,FALSE,"sum_SWA_t1",0,"1"
"1","undammed",0,0.91995406597871,0.0255653026078821,0,38.2247053097554,3316.61748619936,892.65967,FALSE,"sum_SWA_t2",0,"2"
"1","undammed",0,0.91995406597871,0.0255653026078821,0,38.2247053097554,3316.61748619936,892.65967,FALSE,"sum_SWA_t3",0,"3"
"1","undammed",0,0.91995406597871,0.0255653026078821,0,38.2247053097554,3316.61748619936,892.65967,FALSE,"sum_SWA_t4",595.115496226619,"4"
"1","undammed",0,0.91995406597871,0.0255653026078821,0,38.2247053097554,3316.61748619936,892.65967,FALSE,"sum_SWA_t5",0,"5"
"1","undammed",0,0.91995406597871,0.0255653026078821,0,38.2247053097554,3316.61748619936,892.65967,FALSE,"sum_SWA_t6",97.0751028142723,"6"
"1","undammed",0,0.91995406597871,0.0255653026078821,0,38.2247053097554,3316.61748619936,892.65967,FALSE,"sum_SWA_t7",253.093133184255,"7"
"1","undammed",0,0.91995406597871,0.0255653026078821,0,38.2247053097554,3316.61748619936,892.65967,FALSE,"sum_SWA_t8",0,"8"
"2","dammed",5,0.918415179339744,0.0244039040846531,5.58034304630494,39.2541829970805,11141.0189869236,893.6354,FALSE,"sum_SWA_t1",57.694714706318,"1"
"2","dammed",5,0.918415179339744,0.0244039040846531,5.58034304630494,39.2541829970805,11141.0189869236,893.6354,FALSE,"sum_SWA_t2",57.694714706318,"2"
"2","dammed",5,0.918415179339744,0.0244039040846531,5.58034304630494,39.2541829970805,11141.0189869236,893.6354,FALSE,"sum_SWA_t3",0,"3"
"2","dammed",5,0.918415179339744,0.0244039040846531,5.58034304630494,39.2541829970805,11141.0189869236,893.6354,FALSE,"sum_SWA_t4",793.767346782077,"4"
"2","dammed",5,0.918415179339744,0.0244039040846531,5.58034304630494,39.2541829970805,11141.0189869236,893.6354,FALSE,"sum_SWA_t5",59.5493681720659,"5"
"2","dammed",5,0.918415179339744,0.0244039040846531,5.58034304630494,39.2541829970805,11141.0189869236,893.6354,FALSE,"sum_SWA_t6",1.47694881429859,"6"
"2","dammed",5,0.918415179339744,0.0244039040846531,5.58034304630494,39.2541829970805,11141.0189869236,893.6354,FALSE,"sum_SWA_t7",242.792021590822,"7"
"2","dammed",5,0.918415179339744,0.0244039040846531,5.58034304630494,39.2541829970805,11141.0189869236,893.6354,FALSE,"sum_SWA_t8",226.366643214226,"8"
"2","undammed",0,0.918194824500108,0.024022757974995,0,51.7340414607566,27305.1544293799,890.61084,FALSE,"sum_SWA_t1",6384.82732881004,"1"
"2","undammed",0,0.918194824500108,0.024022757974995,0,51.7340414607566,27305.1544293799,890.61084,FALSE,"sum_SWA_t2",5198.02897892068,"2"
"2","undammed",0,0.918194824500108,0.024022757974995,0,51.7340414607566,27305.1544293799,890.61084,FALSE,"sum_SWA_t3",4125.18734773842,"3"
"2","undammed",0,0.918194824500108,0.024022757974995,0,51.7340414607566,27305.1544293799,890.61084,FALSE,"sum_SWA_t4",9177.49438390615,"4"
"2","undammed",0,0.918194824500108,0.024022757974995,0,51.7340414607566,27305.1544293799,890.61084,FALSE,"sum_SWA_t5",5770.84597159577,"5"
"2","undammed",0,0.918194824500108,0.024022757974995,0,51.7340414607566,27305.1544293799,890.61084,FALSE,"sum_SWA_t6",9115.23063843133,"6"
"2","undammed",0,0.918194824500108,0.024022757974995,0,51.7340414607566,27305.1544293799,890.61084,FALSE,"sum_SWA_t7",6023.33733347187,"7"
"2","undammed",0,0.918194824500108,0.024022757974995,0,51.7340414607566,27305.1544293799,890.61084,FALSE,"sum_SWA_t8",2038.47200760047,"8"
"6","dammed",1,0.952334323888776,0.0319686034163828,1.08472867113146,47.595991150256,1015.87941462919,793.3075,FALSE,"sum_SWA_t1",0,"1"
"6","dammed",1,0.952334323888776,0.0319686034163828,1.08472867113146,47.595991150256,1015.87941462919,793.3075,FALSE,"sum_SWA_t2",0,"2"
"6","dammed",1,0.952334323888776,0.0319686034163828,1.08472867113146,47.595991150256,1015.87941462919,793.3075,FALSE,"sum_SWA_t3",0,"3"
"6","dammed",1,0.952334323888776,0.0319686034163828,1.08472867113146,47.595991150256,1015.87941462919,793.3075,FALSE,"sum_SWA_t4",171.671456386763,"4"
"6","dammed",1,0.952334323888776,0.0319686034163828,1.08472867113146,47.595991150256,1015.87941462919,793.3075,FALSE,"sum_SWA_t5",214.015984358507,"5"
"6","dammed",1,0.952334323888776,0.0319686034163828,1.08472867113146,47.595991150256,1015.87941462919,793.3075,FALSE,"sum_SWA_t6",205.954089998731,"6"
"6","dammed",1,0.952334323888776,0.0319686034163828,1.08472867113146,47.595991150256,1015.87941462919,793.3075,FALSE,"sum_SWA_t7",0,"7"
"6","dammed",1,0.952334323888776,0.0319686034163828,1.08472867113146,47.595991150256,1015.87941462919,793.3075,FALSE,"sum_SWA_t8",127.986767563399,"8"
"6","undammed",0,0.925812899722644,0.0256113324098481,0,44.6465577145959,1223.14147779718,793.6444,FALSE,"sum_SWA_t1",0,"1"
"6","undammed",0,0.925812899722644,0.0256113324098481,0,44.6465577145959,1223.14147779718,793.6444,FALSE,"sum_SWA_t2",0,"2"
"6","undammed",0,0.925812899722644,0.0256113324098481,0,44.6465577145959,1223.14147779718,793.6444,FALSE,"sum_SWA_t3",0,"3"
"6","undammed",0,0.925812899722644,0.0256113324098481,0,44.6465577145959,1223.14147779718,793.6444,FALSE,"sum_SWA_t4",0,"4"
"6","undammed",0,0.925812899722644,0.0256113324098481,0,44.6465577145959,1223.14147779718,793.6444,FALSE,"sum_SWA_t5",0,"5"
"6","undammed",0,0.925812899722644,0.0256113324098481,0,44.6465577145959,1223.14147779718,793.6444,FALSE,"sum_SWA_t6",0,"6"
"6","undammed",0,0.925812899722644,0.0256113324098481,0,44.6465577145959,1223.14147779718,793.6444,FALSE,"sum_SWA_t7",0,"7"
"6","undammed",0,0.925812899722644,0.0256113324098481,0,44.6465577145959,1223.14147779718,793.6444,FALSE,"sum_SWA_t8",0,"8"
"7","dammed",1,0.890166987285975,0.019590070178855,1.14583165172088,47.0686103371589,1063.98380033299,786.7853,FALSE,"sum_SWA_t1",0,"1"
"7","dammed",1,0.890166987285975,0.019590070178855,1.14583165172088,47.0686103371589,1063.98380033299,786.7853,FALSE,"sum_SWA_t2",0,"2"
"7","dammed",1,0.890166987285975,0.019590070178855,1.14583165172088,47.0686103371589,1063.98380033299,786.7853,FALSE,"sum_SWA_t3",0,"3"
"7","dammed",1,0.890166987285975,0.019590070178855,1.14583165172088,47.0686103371589,1063.98380033299,786.7853,FALSE,"sum_SWA_t4",2.5058229991034,"4"
"7","dammed",1,0.890166987285975,0.019590070178855,1.14583165172088,47.0686103371589,1063.98380033299,786.7853,FALSE,"sum_SWA_t5",0,"5"
"7","dammed",1,0.890166987285975,0.019590070178855,1.14583165172088,47.0686103371589,1063.98380033299,786.7853,FALSE,"sum_SWA_t6",0,"6"
"7","dammed",1,0.890166987285975,0.019590070178855,1.14583165172088,47.0686103371589,1063.98380033299,786.7853,FALSE,"sum_SWA_t7",0,"7"
"7","dammed",1,0.890166987285975,0.019590070178855,1.14583165172088,47.0686103371589,1063.98380033299,786.7853,FALSE,"sum_SWA_t8",0,"8"
"7","undammed",0,0.908729843838496,0.0200805087927276,0,53.5168167219737,1657.74743062258,786.7853,FALSE,"sum_SWA_t1",0,"1"
"7","undammed",0,0.908729843838496,0.0200805087927276,0,53.5168167219737,1657.74743062258,786.7853,FALSE,"sum_SWA_t2",0,"2"
"7","undammed",0,0.908729843838496,0.0200805087927276,0,53.5168167219737,1657.74743062258,786.7853,FALSE,"sum_SWA_t3",0,"3"
"7","undammed",0,0.908729843838496,0.0200805087927276,0,53.5168167219737,1657.74743062258,786.7853,FALSE,"sum_SWA_t4",132.192839137947,"4"
"7","undammed",0,0.908729843838496,0.0200805087927276,0,53.5168167219737,1657.74743062258,786.7853,FALSE,"sum_SWA_t5",73.307475632546,"5"
"7","undammed",0,0.908729843838496,0.0200805087927276,0,53.5168167219737,1657.74743062258,786.7853,FALSE,"sum_SWA_t6",0,"6"
"7","undammed",0,0.908729843838496,0.0200805087927276,0,53.5168167219737,1657.74743062258,786.7853,FALSE,"sum_SWA_t7",0,"7"
"7","undammed",0,0.908729843838496,0.0200805087927276,0,53.5168167219737,1657.74743062258,786.7853,FALSE,"sum_SWA_t8",0,"8"
"8","dammed",1,0.90830774060928,0.0378402811813873,1.14424708227355,44.5069677549162,917.686149884015,786.76245,FALSE,"sum_SWA_t1",0,"1"
"8","dammed",1,0.90830774060928,0.0378402811813873,1.14424708227355,44.5069677549162,917.686149884015,786.76245,FALSE,"sum_SWA_t2",0,"2"
"8","dammed",1,0.90830774060928,0.0378402811813873,1.14424708227355,44.5069677549162,917.686149884015,786.76245,FALSE,"sum_SWA_t3",0,"3"
"8","dammed",1,0.90830774060928,0.0378402811813873,1.14424708227355,44.5069677549162,917.686149884015,786.76245,FALSE,"sum_SWA_t4",0,"4"
"8","dammed",1,0.90830774060928,0.0378402811813873,1.14424708227355,44.5069677549162,917.686149884015,786.76245,FALSE,"sum_SWA_t5",0,"5"
"8","dammed",1,0.90830774060928,0.0378402811813873,1.14424708227355,44.5069677549162,917.686149884015,786.76245,FALSE,"sum_SWA_t6",0,"6"
"8","dammed",1,0.90830774060928,0.0378402811813873,1.14424708227355,44.5069677549162,917.686149884015,786.76245,FALSE,"sum_SWA_t7",0,"7"
"8","dammed",1,0.90830774060928,0.0378402811813873,1.14424708227355,44.5069677549162,917.686149884015,786.76245,FALSE,"sum_SWA_t8",0,"8"
"8","undammed",0,0.91626673659556,0.0215331905037277,0,52.5220163240293,1204.86517482996,786.76245,FALSE,"sum_SWA_t1",0,"1"
"8","undammed",0,0.91626673659556,0.0215331905037277,0,52.5220163240293,1204.86517482996,786.76245,FALSE,"sum_SWA_t2",0,"2"
"8","undammed",0,0.91626673659556,0.0215331905037277,0,52.5220163240293,1204.86517482996,786.76245,FALSE,"sum_SWA_t3",0,"3"
"8","undammed",0,0.91626673659556,0.0215331905037277,0,52.5220163240293,1204.86517482996,786.76245,FALSE,"sum_SWA_t4",304.276373125993,"4"
"8","undammed",0,0.91626673659556,0.0215331905037277,0,52.5220163240293,1204.86517482996,786.76245,FALSE,"sum_SWA_t5",294.119493135985,"5"
"8","undammed",0,0.91626673659556,0.0215331905037277,0,52.5220163240293,1204.86517482996,786.76245,FALSE,"sum_SWA_t6",0,"6"
"8","undammed",0,0.91626673659556,0.0215331905037277,0,52.5220163240293,1204.86517482996,786.76245,FALSE,"sum_SWA_t7",0,"7"
"8","undammed",0,0.91626673659556,0.0215331905037277,0,52.5220163240293,1204.86517482996,786.76245,FALSE,"sum_SWA_t8",0,"8"
"10","dammed",1,0.914019154093483,0.0231393697481845,1.11998471650758,50.1513777702972,1113.09311014041,782.33514,FALSE,"sum_SWA_t1",75.8050643137857,"1"
"10","dammed",1,0.914019154093483,0.0231393697481845,1.11998471650758,50.1513777702972,1113.09311014041,782.33514,FALSE,"sum_SWA_t2",0,"2"
"10","dammed",1,0.914019154093483,0.0231393697481845,1.11998471650758,50.1513777702972,1113.09311014041,782.33514,FALSE,"sum_SWA_t3",0,"3"
"10","dammed",1,0.914019154093483,0.0231393697481845,1.11998471650758,50.1513777702972,1113.09311014041,782.33514,FALSE,"sum_SWA_t4",3.46620310428096,"4"
"10","dammed",1,0.914019154093483,0.0231393697481845,1.11998471650758,50.1513777702972,1113.09311014041,782.33514,FALSE,"sum_SWA_t5",91.6730218265571,"5"
"10","dammed",1,0.914019154093483,0.0231393697481845,1.11998471650758,50.1513777702972,1113.09311014041,782.33514,FALSE,"sum_SWA_t6",0,"6"
"10","dammed",1,0.914019154093483,0.0231393697481845,1.11998471650758,50.1513777702972,1113.09311014041,782.33514,FALSE,"sum_SWA_t7",0,"7"
"10","dammed",1,0.914019154093483,0.0231393697481845,1.11998471650758,50.1513777702972,1113.09311014041,782.33514,FALSE,"sum_SWA_t8",160.281994456637,"8"
"10","undammed",0,0.913895221969884,0.0246888594310227,0,41.2324517452835,827.656909506768,783.6661,FALSE,"sum_SWA_t1",0,"1"
"10","undammed",0,0.913895221969884,0.0246888594310227,0,41.2324517452835,827.656909506768,783.6661,FALSE,"sum_SWA_t2",0,"2"
"10","undammed",0,0.913895221969884,0.0246888594310227,0,41.2324517452835,827.656909506768,783.6661,FALSE,"sum_SWA_t3",0,"3"
"10","undammed",0,0.913895221969884,0.0246888594310227,0,41.2324517452835,827.656909506768,783.6661,FALSE,"sum_SWA_t4",0,"4"
"10","undammed",0,0.913895221969884,0.0246888594310227,0,41.2324517452835,827.656909506768,783.6661,FALSE,"sum_SWA_t5",0,"5"
"10","undammed",0,0.913895221969884,0.0246888594310227,0,41.2324517452835,827.656909506768,783.6661,FALSE,"sum_SWA_t6",0,"6"
"10","undammed",0,0.913895221969884,0.0246888594310227,0,41.2324517452835,827.656909506768,783.6661,FALSE,"sum_SWA_t7",0,"7"
"10","undammed",0,0.913895221969884,0.0246888594310227,0,41.2324517452835,827.656909506768,783.6661,FALSE,"sum_SWA_t8",0,"8"
"13","dammed",1,0.918266024486253,0.0317463941584785,1.12471467338743,28.6331718299201,637.086137264967,672.38104,FALSE,"sum_SWA_t1",0,"1"
"13","dammed",1,0.918266024486253,0.0317463941584785,1.12471467338743,28.6331718299201,637.086137264967,672.38104,FALSE,"sum_SWA_t2",0,"2"
"13","dammed",1,0.918266024486253,0.0317463941584785,1.12471467338743,28.6331718299201,637.086137264967,672.38104,FALSE,"sum_SWA_t3",0,"3"
"13","dammed",1,0.918266024486253,0.0317463941584785,1.12471467338743,28.6331718299201,637.086137264967,672.38104,FALSE,"sum_SWA_t4",0,"4"
"13","dammed",1,0.918266024486253,0.0317463941584785,1.12471467338743,28.6331718299201,637.086137264967,672.38104,FALSE,"sum_SWA_t5",0,"5"
"13","dammed",1,0.918266024486253,0.0317463941584785,1.12471467338743,28.6331718299201,637.086137264967,672.38104,FALSE,"sum_SWA_t6",0,"6"
"13","dammed",1,0.918266024486253,0.0317463941584785,1.12471467338743,28.6331718299201,637.086137264967,672.38104,FALSE,"sum_SWA_t7",0,"7"
"13","dammed",1,0.918266024486253,0.0317463941584785,1.12471467338743,28.6331718299201,637.086137264967,672.38104,FALSE,"sum_SWA_t8",0,"8"
"13","undammed",0,0.917424133655924,0.0258902941697545,0,38.124139994467,964.540696900338,673.1926,FALSE,"sum_SWA_t1",184.809862689411,"1"
"13","undammed",0,0.917424133655924,0.0258902941697545,0,38.124139994467,964.540696900338,673.1926,FALSE,"sum_SWA_t2",206.041512110888,"2"
"13","undammed",0,0.917424133655924,0.0258902941697545,0,38.124139994467,964.540696900338,673.1926,FALSE,"sum_SWA_t3",187.755739960483,"3"
"13","undammed",0,0.917424133655924,0.0258902941697545,0,38.124139994467,964.540696900338,673.1926,FALSE,"sum_SWA_t4",187.434672108585,"4"
"13","undammed",0,0.917424133655924,0.0258902941697545,0,38.124139994467,964.540696900338,673.1926,FALSE,"sum_SWA_t5",0,"5"
"13","undammed",0,0.917424133655924,0.0258902941697545,0,38.124139994467,964.540696900338,673.1926,FALSE,"sum_SWA_t6",206.041512110888,"6"
"13","undammed",0,0.917424133655924,0.0258902941697545,0,38.124139994467,964.540696900338,673.1926,FALSE,"sum_SWA_t7",106.711509601275,"7"
"13","undammed",0,0.917424133655924,0.0258902941697545,0,38.124139994467,964.540696900338,673.1926,FALSE,"sum_SWA_t8",106.711509601275,"8"
"14","dammed",1,0.889544077584642,0.0413162461356446,1.17261962877248,38.8628103284512,811.737715400755,636.3272,FALSE,"sum_SWA_t1",0,"1"
"14","dammed",1,0.889544077584642,0.0413162461356446,1.17261962877248,38.8628103284512,811.737715400755,636.3272,FALSE,"sum_SWA_t2",0,"2"
"14","dammed",1,0.889544077584642,0.0413162461356446,1.17261962877248,38.8628103284512,811.737715400755,636.3272,FALSE,"sum_SWA_t3",0,"3"
"14","dammed",1,0.889544077584642,0.0413162461356446,1.17261962877248,38.8628103284512,811.737715400755,636.3272,FALSE,"sum_SWA_t4",0,"4"
"14","dammed",1,0.889544077584642,0.0413162461356446,1.17261962877248,38.8628103284512,811.737715400755,636.3272,FALSE,"sum_SWA_t5",0,"5"
"14","dammed",1,0.889544077584642,0.0413162461356446,1.17261962877248,38.8628103284512,811.737715400755,636.3272,FALSE,"sum_SWA_t6",0,"6"
"14","dammed",1,0.889544077584642,0.0413162461356446,1.17261962877248,38.8628103284512,811.737715400755,636.3272,FALSE,"sum_SWA_t7",0,"7"
"14","dammed",1,0.889544077584642,0.0413162461356446,1.17261962877248,38.8628103284512,811.737715400755,636.3272,FALSE,"sum_SWA_t8",0,"8"
"14","undammed",0,0.922294816460125,0.0266157130802983,0,46.460349035284,1125.05718439817,636.7448,FALSE,"sum_SWA_t1",265.729666125774,"1"
"14","undammed",0,0.922294816460125,0.0266157130802983,0,46.460349035284,1125.05718439817,636.7448,FALSE,"sum_SWA_t2",182.881469005697,"2"
"14","undammed",0,0.922294816460125,0.0266157130802983,0,46.460349035284,1125.05718439817,636.7448,FALSE,"sum_SWA_t3",381.825718237138,"3"
"14","undammed",0,0.922294816460125,0.0266157130802983,0,46.460349035284,1125.05718439817,636.7448,FALSE,"sum_SWA_t4",327.921934128976,"4"
"14","undammed",0,0.922294816460125,0.0266157130802983,0,46.460349035284,1125.05718439817,636.7448,FALSE,"sum_SWA_t5",296.248647676028,"5"
"14","undammed",0,0.922294816460125,0.0266157130802983,0,46.460349035284,1125.05718439817,636.7448,FALSE,"sum_SWA_t6",484.371092967894,"6"
"14","undammed",0,0.922294816460125,0.0266157130802983,0,46.460349035284,1125.05718439817,636.7448,FALSE,"sum_SWA_t7",402.538374727146,"7"
"14","undammed",0,0.922294816460125,0.0266157130802983,0,46.460349035284,1125.05718439817,636.7448,FALSE,"sum_SWA_t8",318.055730324867,"8"
"15","dammed",1,0.906386740742831,0.0229200454082865,1.12916225589014,45.2936656911714,1034.78143976629,543.2517,FALSE,"sum_SWA_t1",0,"1"
"15","dammed",1,0.906386740742831,0.0229200454082865,1.12916225589014,45.2936656911714,1034.78143976629,543.2517,FALSE,"sum_SWA_t2",88.6083888862647,"2"
"15","dammed",1,0.906386740742831,0.0229200454082865,1.12916225589014,45.2936656911714,1034.78143976629,543.2517,FALSE,"sum_SWA_t3",88.6083888862647,"3"
"15","dammed",1,0.906386740742831,0.0229200454082865,1.12916225589014,45.2936656911714,1034.78143976629,543.2517,FALSE,"sum_SWA_t4",179.772489929433,"4"
"15","dammed",1,0.906386740742831,0.0229200454082865,1.12916225589014,45.2936656911714,1034.78143976629,543.2517,FALSE,"sum_SWA_t5",0,"5"
"15","dammed",1,0.906386740742831,0.0229200454082865,1.12916225589014,45.2936656911714,1034.78143976629,543.2517,FALSE,"sum_SWA_t6",88.6083888862647,"6"
"15","dammed",1,0.906386740742831,0.0229200454082865,1.12916225589014,45.2936656911714,1034.78143976629,543.2517,FALSE,"sum_SWA_t7",0,"7"
"15","dammed",1,0.906386740742831,0.0229200454082865,1.12916225589014,45.2936656911714,1034.78143976629,543.2517,FALSE,"sum_SWA_t8",0,"8"
"15","undammed",0,0.921463920996024,0.0248433092895296,0,39.1053983368925,744.086325064301,543.7039,FALSE,"sum_SWA_t1",0,"1"
"15","undammed",0,0.921463920996024,0.0248433092895296,0,39.1053983368925,744.086325064301,543.7039,FALSE,"sum_SWA_t2",0,"2"
"15","undammed",0,0.921463920996024,0.0248433092895296,0,39.1053983368925,744.086325064301,543.7039,FALSE,"sum_SWA_t3",0,"3"
"15","undammed",0,0.921463920996024,0.0248433092895296,0,39.1053983368925,744.086325064301,543.7039,FALSE,"sum_SWA_t4",0,"4"
"15","undammed",0,0.921463920996024,0.0248433092895296,0,39.1053983368925,744.086325064301,543.7039,FALSE,"sum_SWA_t5",0,"5"
"15","undammed",0,0.921463920996024,0.0248433092895296,0,39.1053983368925,744.086325064301,543.7039,FALSE,"sum_SWA_t6",0,"6"
"15","undammed",0,0.921463920996024,0.0248433092895296,0,39.1053983368925,744.086325064301,543.7039,FALSE,"sum_SWA_t7",0,"7"
"15","undammed",0,0.921463920996024,0.0248433092895296,0,39.1053983368925,744.086325064301,543.7039,FALSE,"sum_SWA_t8",0,"8"
"16","dammed",1,0.884985045309549,0.0215220838767866,1.15481665785499,50.831976525258,1067.91828615963,519.8411,FALSE,"sum_SWA_t1",123.405745846384,"1"
"16","dammed",1,0.884985045309549,0.0215220838767866,1.15481665785499,50.831976525258,1067.91828615963,519.8411,FALSE,"sum_SWA_t2",0,"2"
"16","dammed",1,0.884985045309549,0.0215220838767866,1.15481665785499,50.831976525258,1067.91828615963,519.8411,FALSE,"sum_SWA_t3",0,"3"
"16","dammed",1,0.884985045309549,0.0215220838767866,1.15481665785499,50.831976525258,1067.91828615963,519.8411,FALSE,"sum_SWA_t4",0,"4"
"16","dammed",1,0.884985045309549,0.0215220838767866,1.15481665785499,50.831976525258,1067.91828615963,519.8411,FALSE,"sum_SWA_t5",0,"5"
"16","dammed",1,0.884985045309549,0.0215220838767866,1.15481665785499,50.831976525258,1067.91828615963,519.8411,FALSE,"sum_SWA_t6",0,"6"
"16","dammed",1,0.884985045309549,0.0215220838767866,1.15481665785499,50.831976525258,1067.91828615963,519.8411,FALSE,"sum_SWA_t7",0,"7"
"16","dammed",1,0.884985045309549,0.0215220838767866,1.15481665785499,50.831976525258,1067.91828615963,519.8411,FALSE,"sum_SWA_t8",0,"8"
"16","undammed",0,0.925604744867139,0.0285377106076866,0,41.6164783149603,972.084171757102,496.34152,FALSE,"sum_SWA_t1",79.31497083131,"1"
"16","undammed",0,0.925604744867139,0.0285377106076866,0,41.6164783149603,972.084171757102,496.34152,FALSE,"sum_SWA_t2",0,"2"
"16","undammed",0,0.925604744867139,0.0285377106076866,0,41.6164783149603,972.084171757102,496.34152,FALSE,"sum_SWA_t3",0,"3"
"16","undammed",0,0.925604744867139,0.0285377106076866,0,41.6164783149603,972.084171757102,496.34152,FALSE,"sum_SWA_t4",0,"4"
"16","undammed",0,0.925604744867139,0.0285377106076866,0,41.6164783149603,972.084171757102,496.34152,FALSE,"sum_SWA_t5",0,"5"
"16","undammed",0,0.925604744867139,0.0285377106076866,0,41.6164783149603,972.084171757102,496.34152,FALSE,"sum_SWA_t6",0,"6"
"16","undammed",0,0.925604744867139,0.0285377106076866,0,41.6164783149603,972.084171757102,496.34152,FALSE,"sum_SWA_t7",0,"7"
"16","undammed",0,0.925604744867139,0.0285377106076866,0,41.6164783149603,972.084171757102,496.34152,FALSE,"sum_SWA_t8",0,"8"
"18","dammed",1,0.92003090616901,0.0354799346726881,1.12690243281455,53.0502901236137,1432.18556451797,494.66364,FALSE,"sum_SWA_t1",735.997089629781,"1"
"18","dammed",1,0.92003090616901,0.0354799346726881,1.12690243281455,53.0502901236137,1432.18556451797,494.66364,FALSE,"sum_SWA_t2",521.388306667057,"2"
"18","dammed",1,0.92003090616901,0.0354799346726881,1.12690243281455,53.0502901236137,1432.18556451797,494.66364,FALSE,"sum_SWA_t3",551.32455635772,"3"
"18","dammed",1,0.92003090616901,0.0354799346726881,1.12690243281455,53.0502901236137,1432.18556451797,494.66364,FALSE,"sum_SWA_t4",602.438138513939,"4"
"18","dammed",1,0.92003090616901,0.0354799346726881,1.12690243281455,53.0502901236137,1432.18556451797,494.66364,FALSE,"sum_SWA_t5",216.36885783649,"5"
"18","dammed",1,0.92003090616901,0.0354799346726881,1.12690243281455,53.0502901236137,1432.18556451797,494.66364,FALSE,"sum_SWA_t6",670.4897658299,"6"
"18","dammed",1,0.92003090616901,0.0354799346726881,1.12690243281455,53.0502901236137,1432.18556451797,494.66364,FALSE,"sum_SWA_t7",455.242173860587,"7"
"18","dammed",1,0.92003090616901,0.0354799346726881,1.12690243281455,53.0502901236137,1432.18556451797,494.66364,FALSE,"sum_SWA_t8",455.242173860587,"8"
"18","undammed",0,0.90111976891737,0.021762388371358,0,35.2849560913552,839.271402791142,494.82397,FALSE,"sum_SWA_t1",0,"1"
"18","undammed",0,0.90111976891737,0.021762388371358,0,35.2849560913552,839.271402791142,494.82397,FALSE,"sum_SWA_t2",0,"2"
"18","undammed",0,0.90111976891737,0.021762388371358,0,35.2849560913552,839.271402791142,494.82397,FALSE,"sum_SWA_t3",0,"3"
"18","undammed",0,0.90111976891737,0.021762388371358,0,35.2849560913552,839.271402791142,494.82397,FALSE,"sum_SWA_t4",0,"4"
"18","undammed",0,0.90111976891737,0.021762388371358,0,35.2849560913552,839.271402791142,494.82397,FALSE,"sum_SWA_t5",0,"5"
"18","undammed",0,0.90111976891737,0.021762388371358,0,35.2849560913552,839.271402791142,494.82397,FALSE,"sum_SWA_t6",0,"6"
"18","undammed",0,0.90111976891737,0.021762388371358,0,35.2849560913552,839.271402791142,494.82397,FALSE,"sum_SWA_t7",0,"7"
"18","undammed",0,0.90111976891737,0.021762388371358,0,35.2849560913552,839.271402791142,494.82397,FALSE,"sum_SWA_t8",0,"8"
"19","dammed",1,0.948594645220791,0.0388813411641375,1.09683758196545,40.7293255510575,1631.1457592845,NA,FALSE,"sum_SWA_t1",0,"1"
"19","dammed",1,0.948594645220791,0.0388813411641375,1.09683758196545,40.7293255510575,1631.1457592845,NA,FALSE,"sum_SWA_t2",0,"2"
"19","dammed",1,0.948594645220791,0.0388813411641375,1.09683758196545,40.7293255510575,1631.1457592845,NA,FALSE,"sum_SWA_t3",0,"3"
"19","dammed",1,0.948594645220791,0.0388813411641375,1.09683758196545,40.7293255510575,1631.1457592845,NA,FALSE,"sum_SWA_t4",0,"4"
"19","dammed",1,0.948594645220791,0.0388813411641375,1.09683758196545,40.7293255510575,1631.1457592845,NA,FALSE,"sum_SWA_t5",0,"5"
"19","dammed",1,0.948594645220791,0.0388813411641375,1.09683758196545,40.7293255510575,1631.1457592845,NA,FALSE,"sum_SWA_t6",0,"6"
"19","dammed",1,0.948594645220791,0.0388813411641375,1.09683758196545,40.7293255510575,1631.1457592845,NA,FALSE,"sum_SWA_t7",0,"7"
"19","dammed",1,0.948594645220791,0.0388813411641375,1.09683758196545,40.7293255510575,1631.1457592845,NA,FALSE,"sum_SWA_t8",0,"8"
"19","undammed",0,0.915436487676835,0.0239513143003523,0,33.8776326067197,785.803034305573,463.3102,FALSE,"sum_SWA_t1",0,"1"
"19","undammed",0,0.915436487676835,0.0239513143003523,0,33.8776326067197,785.803034305573,463.3102,FALSE,"sum_SWA_t2",0,"2"
"19","undammed",0,0.915436487676835,0.0239513143003523,0,33.8776326067197,785.803034305573,463.3102,FALSE,"sum_SWA_t3",0,"3"
"19","undammed",0,0.915436487676835,0.0239513143003523,0,33.8776326067197,785.803034305573,463.3102,FALSE,"sum_SWA_t4",0,"4"
"19","undammed",0,0.915436487676835,0.0239513143003523,0,33.8776326067197,785.803034305573,463.3102,FALSE,"sum_SWA_t5",0,"5"
"19","undammed",0,0.915436487676835,0.0239513143003523,0,33.8776326067197,785.803034305573,463.3102,FALSE,"sum_SWA_t6",0,"6"
"19","undammed",0,0.915436487676835,0.0239513143003523,0,33.8776326067197,785.803034305573,463.3102,FALSE,"sum_SWA_t7",0,"7"
"19","undammed",0,0.915436487676835,0.0239513143003523,0,33.8776326067197,785.803034305573,463.3102,FALSE,"sum_SWA_t8",0,"8"
"20","dammed",1,0.914405908162677,0.0286255211295733,1.12583381184908,37.6598790308347,846.958265736699,440.23602,FALSE,"sum_SWA_t1",0,"1"
"20","dammed",1,0.914405908162677,0.0286255211295733,1.12583381184908,37.6598790308347,846.958265736699,440.23602,FALSE,"sum_SWA_t2",0,"2"
"20","dammed",1,0.914405908162677,0.0286255211295733,1.12583381184908,37.6598790308347,846.958265736699,440.23602,FALSE,"sum_SWA_t3",0,"3"
"20","dammed",1,0.914405908162677,0.0286255211295733,1.12583381184908,37.6598790308347,846.958265736699,440.23602,FALSE,"sum_SWA_t4",0,"4"
"20","dammed",1,0.914405908162677,0.0286255211295733,1.12583381184908,37.6598790308347,846.958265736699,440.23602,FALSE,"sum_SWA_t5",0,"5"
"20","dammed",1,0.914405908162677,0.0286255211295733,1.12583381184908,37.6598790308347,846.958265736699,440.23602,FALSE,"sum_SWA_t6",0,"6"
"20","dammed",1,0.914405908162677,0.0286255211295733,1.12583381184908,37.6598790308347,846.958265736699,440.23602,FALSE,"sum_SWA_t7",0,"7"
"20","dammed",1,0.914405908162677,0.0286255211295733,1.12583381184908,37.6598790308347,846.958265736699,440.23602,FALSE,"sum_SWA_t8",0,"8"
"20","undammed",0,0.911066268858974,0.0220452986603512,0,38.2394243934008,818.497435584664,440.23602,FALSE,"sum_SWA_t1",0,"1"
"20","undammed",0,0.911066268858974,0.0220452986603512,0,38.2394243934008,818.497435584664,440.23602,FALSE,"sum_SWA_t2",0,"2"
"20","undammed",0,0.911066268858974,0.0220452986603512,0,38.2394243934008,818.497435584664,440.23602,FALSE,"sum_SWA_t3",0,"3"
"20","undammed",0,0.911066268858974,0.0220452986603512,0,38.2394243934008,818.497435584664,440.23602,FALSE,"sum_SWA_t4",0,"4"
"20","undammed",0,0.911066268858974,0.0220452986603512,0,38.2394243934008,818.497435584664,440.23602,FALSE,"sum_SWA_t5",0,"5"
"20","undammed",0,0.911066268858974,0.0220452986603512,0,38.2394243934008,818.497435584664,440.23602,FALSE,"sum_SWA_t6",0,"6"
"20","undammed",0,0.911066268858974,0.0220452986603512,0,38.2394243934008,818.497435584664,440.23602,FALSE,"sum_SWA_t7",0,"7"
"20","undammed",0,0.911066268858974,0.0220452986603512,0,38.2394243934008,818.497435584664,440.23602,FALSE,"sum_SWA_t8",0,"8"
"21","dammed",1,0.923619267855881,0.0372245148534367,1.12455834400551,35.1041206337627,765.89320255816,440.02405,FALSE,"sum_SWA_t1",0,"1"
"21","dammed",1,0.923619267855881,0.0372245148534367,1.12455834400551,35.1041206337627,765.89320255816,440.02405,FALSE,"sum_SWA_t2",0,"2"
"21","dammed",1,0.923619267855881,0.0372245148534367,1.12455834400551,35.1041206337627,765.89320255816,440.02405,FALSE,"sum_SWA_t3",0,"3"
"21","dammed",1,0.923619267855881,0.0372245148534367,1.12455834400551,35.1041206337627,765.89320255816,440.02405,FALSE,"sum_SWA_t4",0,"4"
"21","dammed",1,0.923619267855881,0.0372245148534367,1.12455834400551,35.1041206337627,765.89320255816,440.02405,FALSE,"sum_SWA_t5",0,"5"
"21","dammed",1,0.923619267855881,0.0372245148534367,1.12455834400551,35.1041206337627,765.89320255816,440.02405,FALSE,"sum_SWA_t6",0,"6"
"21","dammed",1,0.923619267855881,0.0372245148534367,1.12455834400551,35.1041206337627,765.89320255816,440.02405,FALSE,"sum_SWA_t7",0,"7"
"21","dammed",1,0.923619267855881,0.0372245148534367,1.12455834400551,35.1041206337627,765.89320255816,440.02405,FALSE,"sum_SWA_t8",0,"8"
"21","undammed",0,0.925168809566733,0.0253903541323459,0,37.9556569869114,814.737850725651,440.04123,FALSE,"sum_SWA_t1",0,"1"
"21","undammed",0,0.925168809566733,0.0253903541323459,0,37.9556569869114,814.737850725651,440.04123,FALSE,"sum_SWA_t2",0,"2"
"21","undammed",0,0.925168809566733,0.0253903541323459,0,37.9556569869114,814.737850725651,440.04123,FALSE,"sum_SWA_t3",0,"3"
"21","undammed",0,0.925168809566733,0.0253903541323459,0,37.9556569869114,814.737850725651,440.04123,FALSE,"sum_SWA_t4",0,"4"
"21","undammed",0,0.925168809566733,0.0253903541323459,0,37.9556569869114,814.737850725651,440.04123,FALSE,"sum_SWA_t5",0,"5"
"21","undammed",0,0.925168809566733,0.0253903541323459,0,37.9556569869114,814.737850725651,440.04123,FALSE,"sum_SWA_t6",0,"6"
"21","undammed",0,0.925168809566733,0.0253903541323459,0,37.9556569869114,814.737850725651,440.04123,FALSE,"sum_SWA_t7",0,"7"
"21","undammed",0,0.925168809566733,0.0253903541323459,0,37.9556569869114,814.737850725651,440.04123,FALSE,"sum_SWA_t8",0,"8"
"22","dammed",2,0.92558741378288,0.0319110748080196,2.23201599946654,37.7165150149883,2732.73667342961,399.11642,FALSE,"sum_SWA_t1",164.100232850337,"1"
"22","dammed",2,0.92558741378288,0.0319110748080196,2.23201599946654,37.7165150149883,2732.73667342961,399.11642,FALSE,"sum_SWA_t2",58.6994477519802,"2"
"22","dammed",2,0.92558741378288,0.0319110748080196,2.23201599946654,37.7165150149883,2732.73667342961,399.11642,FALSE,"sum_SWA_t3",164.100232850337,"3"
"22","dammed",2,0.92558741378288,0.0319110748080196,2.23201599946654,37.7165150149883,2732.73667342961,399.11642,FALSE,"sum_SWA_t4",58.6994477519802,"4"
"22","dammed",2,0.92558741378288,0.0319110748080196,2.23201599946654,37.7165150149883,2732.73667342961,399.11642,FALSE,"sum_SWA_t5",0,"5"
"22","dammed",2,0.92558741378288,0.0319110748080196,2.23201599946654,37.7165150149883,2732.73667342961,399.11642,FALSE,"sum_SWA_t6",58.6994477519802,"6"
"22","dammed",2,0.92558741378288,0.0319110748080196,2.23201599946654,37.7165150149883,2732.73667342961,399.11642,FALSE,"sum_SWA_t7",90.2516692984338,"7"
"22","dammed",2,0.92558741378288,0.0319110748080196,2.23201599946654,37.7165150149883,2732.73667342961,399.11642,FALSE,"sum_SWA_t8",90.2516692984338,"8"
"22","undammed",0,0.926533658513866,0.0263967237644579,0,39.978115934148,2370.26942613721,399.83295,FALSE,"sum_SWA_t1",0,"1"
"22","undammed",0,0.926533658513866,0.0263967237644579,0,39.978115934148,2370.26942613721,399.83295,FALSE,"sum_SWA_t2",0,"2"
"22","undammed",0,0.926533658513866,0.0263967237644579,0,39.978115934148,2370.26942613721,399.83295,FALSE,"sum_SWA_t3",0,"3"
"22","undammed",0,0.926533658513866,0.0263967237644579,0,39.978115934148,2370.26942613721,399.83295,FALSE,"sum_SWA_t4",0,"4"
"22","undammed",0,0.926533658513866,0.0263967237644579,0,39.978115934148,2370.26942613721,399.83295,FALSE,"sum_SWA_t5",0,"5"
"22","undammed",0,0.926533658513866,0.0263967237644579,0,39.978115934148,2370.26942613721,399.83295,FALSE,"sum_SWA_t6",0,"6"
"22","undammed",0,0.926533658513866,0.0263967237644579,0,39.978115934148,2370.26942613721,399.83295,FALSE,"sum_SWA_t7",0,"7"
"22","undammed",0,0.926533658513866,0.0263967237644579,0,39.978115934148,2370.26942613721,399.83295,FALSE,"sum_SWA_t8",0,"8"
"23","dammed",1,0.907025930877118,0.0273746169880571,1.13353438166452,36.1735082155557,813.844050735235,398.53745,FALSE,"sum_SWA_t1",0,"1"
"23","dammed",1,0.907025930877118,0.0273746169880571,1.13353438166452,36.1735082155557,813.844050735235,398.53745,FALSE,"sum_SWA_t2",0,"2"
"23","dammed",1,0.907025930877118,0.0273746169880571,1.13353438166452,36.1735082155557,813.844050735235,398.53745,FALSE,"sum_SWA_t3",69.3983508100697,"3"
"23","dammed",1,0.907025930877118,0.0273746169880571,1.13353438166452,36.1735082155557,813.844050735235,398.53745,FALSE,"sum_SWA_t4",228.985272923404,"4"
"23","dammed",1,0.907025930877118,0.0273746169880571,1.13353438166452,36.1735082155557,813.844050735235,398.53745,FALSE,"sum_SWA_t5",107.479261637435,"5"
"23","dammed",1,0.907025930877118,0.0273746169880571,1.13353438166452,36.1735082155557,813.844050735235,398.53745,FALSE,"sum_SWA_t6",155.488040458689,"6"
"23","dammed",1,0.907025930877118,0.0273746169880571,1.13353438166452,36.1735082155557,813.844050735235,398.53745,FALSE,"sum_SWA_t7",78.4651229704128,"7"
"23","dammed",1,0.907025930877118,0.0273746169880571,1.13353438166452,36.1735082155557,813.844050735235,398.53745,FALSE,"sum_SWA_t8",0,"8"
"23","undammed",0,0.916813451632109,0.0228091350352749,0,47.9639982845828,994.920669019222,379.80762,FALSE,"sum_SWA_t1",295.959294388808,"1"
"23","undammed",0,0.916813451632109,0.0228091350352749,0,47.9639982845828,994.920669019222,379.80762,FALSE,"sum_SWA_t2",312.649546737531,"2"
"23","undammed",0,0.916813451632109,0.0228091350352749,0,47.9639982845828,994.920669019222,379.80762,FALSE,"sum_SWA_t3",493.89719105398,"3"
"23","undammed",0,0.916813451632109,0.0228091350352749,0,47.9639982845828,994.920669019222,379.80762,FALSE,"sum_SWA_t4",440.834550124056,"4"
"23","undammed",0,0.916813451632109,0.0228091350352749,0,47.9639982845828,994.920669019222,379.80762,FALSE,"sum_SWA_t5",153.898375106325,"5"
"23","undammed",0,0.916813451632109,0.0228091350352749,0,47.9639982845828,994.920669019222,379.80762,FALSE,"sum_SWA_t6",78.9019151075213,"6"
"23","undammed",0,0.916813451632109,0.0228091350352749,0,47.9639982845828,994.920669019222,379.80762,FALSE,"sum_SWA_t7",310.73330589229,"7"
"23","undammed",0,0.916813451632109,0.0228091350352749,0,47.9639982845828,994.920669019222,379.80762,FALSE,"sum_SWA_t8",522.149689304595,"8"
"24","dammed",1,0.951338268810223,0.0413860347761354,1.0965319270389,47.2785793059273,1703.12217120826,379.05075,FALSE,"sum_SWA_t1",352.571762372699,"1"
"24","dammed",1,0.951338268810223,0.0413860347761354,1.0965319270389,47.2785793059273,1703.12217120826,379.05075,FALSE,"sum_SWA_t2",179.474043892879,"2"
"24","dammed",1,0.951338268810223,0.0413860347761354,1.0965319270389,47.2785793059273,1703.12217120826,379.05075,FALSE,"sum_SWA_t3",77.093048602927,"3"
"24","dammed",1,0.951338268810223,0.0413860347761354,1.0965319270389,47.2785793059273,1703.12217120826,379.05075,FALSE,"sum_SWA_t4",0,"4"
"24","dammed",1,0.951338268810223,0.0413860347761354,1.0965319270389,47.2785793059273,1703.12217120826,379.05075,FALSE,"sum_SWA_t5",277.135182936285,"5"
"24","dammed",1,0.951338268810223,0.0413860347761354,1.0965319270389,47.2785793059273,1703.12217120826,379.05075,FALSE,"sum_SWA_t6",0,"6"
"24","dammed",1,0.951338268810223,0.0413860347761354,1.0965319270389,47.2785793059273,1703.12217120826,379.05075,FALSE,"sum_SWA_t7",0,"7"
"24","dammed",1,0.951338268810223,0.0413860347761354,1.0965319270389,47.2785793059273,1703.12217120826,379.05075,FALSE,"sum_SWA_t8",0,"8"
"24","undammed",0,0.908388440403908,0.0241864393111209,0,36.0259561825663,889.250797018409,378.5061,FALSE,"sum_SWA_t1",0,"1"
"24","undammed",0,0.908388440403908,0.0241864393111209,0,36.0259561825663,889.250797018409,378.5061,FALSE,"sum_SWA_t2",0,"2"
"24","undammed",0,0.908388440403908,0.0241864393111209,0,36.0259561825663,889.250797018409,378.5061,FALSE,"sum_SWA_t3",0,"3"
"24","undammed",0,0.908388440403908,0.0241864393111209,0,36.0259561825663,889.250797018409,378.5061,FALSE,"sum_SWA_t4",0,"4"
"24","undammed",0,0.908388440403908,0.0241864393111209,0,36.0259561825663,889.250797018409,378.5061,FALSE,"sum_SWA_t5",0,"5"
"24","undammed",0,0.908388440403908,0.0241864393111209,0,36.0259561825663,889.250797018409,378.5061,FALSE,"sum_SWA_t6",0,"6"
"24","undammed",0,0.908388440403908,0.0241864393111209,0,36.0259561825663,889.250797018409,378.5061,FALSE,"sum_SWA_t7",0,"7"
"24","undammed",0,0.908388440403908,0.0241864393111209,0,36.0259561825663,889.250797018409,378.5061,FALSE,"sum_SWA_t8",0,"8"
"26","dammed",1,0.914674738985479,0.0312298493444591,1.12852858978198,41.8240173768555,1234.71535634995,346.24377,FALSE,"sum_SWA_t1",0,"1"
"26","dammed",1,0.914674738985479,0.0312298493444591,1.12852858978198,41.8240173768555,1234.71535634995,346.24377,FALSE,"sum_SWA_t2",0,"2"
"26","dammed",1,0.914674738985479,0.0312298493444591,1.12852858978198,41.8240173768555,1234.71535634995,346.24377,FALSE,"sum_SWA_t3",61.1227778750308,"3"
"26","dammed",1,0.914674738985479,0.0312298493444591,1.12852858978198,41.8240173768555,1234.71535634995,346.24377,FALSE,"sum_SWA_t4",0,"4"
"26","dammed",1,0.914674738985479,0.0312298493444591,1.12852858978198,41.8240173768555,1234.71535634995,346.24377,FALSE,"sum_SWA_t5",0,"5"
"26","dammed",1,0.914674738985479,0.0312298493444591,1.12852858978198,41.8240173768555,1234.71535634995,346.24377,FALSE,"sum_SWA_t6",0,"6"
"26","dammed",1,0.914674738985479,0.0312298493444591,1.12852858978198,41.8240173768555,1234.71535634995,346.24377,FALSE,"sum_SWA_t7",0,"7"
"26","dammed",1,0.914674738985479,0.0312298493444591,1.12852858978198,41.8240173768555,1234.71535634995,346.24377,FALSE,"sum_SWA_t8",0,"8"
"26","undammed",0,0.9106180715686,0.0243533555413038,0,39.0863513764206,896.774222955108,377.49133,FALSE,"sum_SWA_t1",0,"1"
"26","undammed",0,0.9106180715686,0.0243533555413038,0,39.0863513764206,896.774222955108,377.49133,FALSE,"sum_SWA_t2",0,"2"
"26","undammed",0,0.9106180715686,0.0243533555413038,0,39.0863513764206,896.774222955108,377.49133,FALSE,"sum_SWA_t3",0,"3"
"26","undammed",0,0.9106180715686,0.0243533555413038,0,39.0863513764206,896.774222955108,377.49133,FALSE,"sum_SWA_t4",0,"4"
"26","undammed",0,0.9106180715686,0.0243533555413038,0,39.0863513764206,896.774222955108,377.49133,FALSE,"sum_SWA_t5",0,"5"
"26","undammed",0,0.9106180715686,0.0243533555413038,0,39.0863513764206,896.774222955108,377.49133,FALSE,"sum_SWA_t6",0,"6"
"26","undammed",0,0.9106180715686,0.0243533555413038,0,39.0863513764206,896.774222955108,377.49133,FALSE,"sum_SWA_t7",0,"7"
"26","undammed",0,0.9106180715686,0.0243533555413038,0,39.0863513764206,896.774222955108,377.49133,FALSE,"sum_SWA_t8",0,"8"
"27","dammed",4,0.888008146111376,0.0261583297982026,4.62545742333871,38.8033274201835,6320.43260860443,327.17368,FALSE,"sum_SWA_t1",0,"1"
"27","dammed",4,0.888008146111376,0.0261583297982026,4.62545742333871,38.8033274201835,6320.43260860443,327.17368,FALSE,"sum_SWA_t2",0,"2"
"27","dammed",4,0.888008146111376,0.0261583297982026,4.62545742333871,38.8033274201835,6320.43260860443,327.17368,FALSE,"sum_SWA_t3",186.211906788396,"3"
"27","dammed",4,0.888008146111376,0.0261583297982026,4.62545742333871,38.8033274201835,6320.43260860443,327.17368,FALSE,"sum_SWA_t4",0,"4"
"27","dammed",4,0.888008146111376,0.0261583297982026,4.62545742333871,38.8033274201835,6320.43260860443,327.17368,FALSE,"sum_SWA_t5",0,"5"
"27","dammed",4,0.888008146111376,0.0261583297982026,4.62545742333871,38.8033274201835,6320.43260860443,327.17368,FALSE,"sum_SWA_t6",0,"6"
"27","dammed",4,0.888008146111376,0.0261583297982026,4.62545742333871,38.8033274201835,6320.43260860443,327.17368,FALSE,"sum_SWA_t7",0,"7"
"27","dammed",4,0.888008146111376,0.0261583297982026,4.62545742333871,38.8033274201835,6320.43260860443,327.17368,FALSE,"sum_SWA_t8",0,"8"
"27","undammed",0,0.910735190008226,0.0247757292886603,0,36.9677078065975,5828.56228606403,327.07617,FALSE,"sum_SWA_t1",0,"1"
"27","undammed",0,0.910735190008226,0.0247757292886603,0,36.9677078065975,5828.56228606403,327.07617,FALSE,"sum_SWA_t2",0,"2"
"27","undammed",0,0.910735190008226,0.0247757292886603,0,36.9677078065975,5828.56228606403,327.07617,FALSE,"sum_SWA_t3",0,"3"
"27","undammed",0,0.910735190008226,0.0247757292886603,0,36.9677078065975,5828.56228606403,327.07617,FALSE,"sum_SWA_t4",0,"4"
"27","undammed",0,0.910735190008226,0.0247757292886603,0,36.9677078065975,5828.56228606403,327.07617,FALSE,"sum_SWA_t5",0,"5"
"27","undammed",0,0.910735190008226,0.0247757292886603,0,36.9677078065975,5828.56228606403,327.07617,FALSE,"sum_SWA_t6",0,"6"
"27","undammed",0,0.910735190008226,0.0247757292886603,0,36.9677078065975,5828.56228606403,327.07617,FALSE,"sum_SWA_t7",0,"7"
"27","undammed",0,0.910735190008226,0.0247757292886603,0,36.9677078065975,5828.56228606403,327.07617,FALSE,"sum_SWA_t8",0,"8"
"29","dammed",1,0.915384344530473,0.0272442785439093,1.12303353651534,36.512622067603,903.8046438694,325.65393,FALSE,"sum_SWA_t1",0,"1"
"29","dammed",1,0.915384344530473,0.0272442785439093,1.12303353651534,36.512622067603,903.8046438694,325.65393,FALSE,"sum_SWA_t2",0,"2"
"29","dammed",1,0.915384344530473,0.0272442785439093,1.12303353651534,36.512622067603,903.8046438694,325.65393,FALSE,"sum_SWA_t3",0,"3"
"29","dammed",1,0.915384344530473,0.0272442785439093,1.12303353651534,36.512622067603,903.8046438694,325.65393,FALSE,"sum_SWA_t4",0,"4"
"29","dammed",1,0.915384344530473,0.0272442785439093,1.12303353651534,36.512622067603,903.8046438694,325.65393,FALSE,"sum_SWA_t5",0,"5"
"29","dammed",1,0.915384344530473,0.0272442785439093,1.12303353651534,36.512622067603,903.8046438694,325.65393,FALSE,"sum_SWA_t6",0,"6"
"29","dammed",1,0.915384344530473,0.0272442785439093,1.12303353651534,36.512622067603,903.8046438694,325.65393,FALSE,"sum_SWA_t7",0,"7"
"29","dammed",1,0.915384344530473,0.0272442785439093,1.12303353651534,36.512622067603,903.8046438694,325.65393,FALSE,"sum_SWA_t8",0,"8"
"29","undammed",0,0.915126634645944,0.0262398601704025,0,42.0261669676224,1363.74481032789,326.30194,FALSE,"sum_SWA_t1",0,"1"
"29","undammed",0,0.915126634645944,0.0262398601704025,0,42.0261669676224,1363.74481032789,326.30194,FALSE,"sum_SWA_t2",0,"2"
"29","undammed",0,0.915126634645944,0.0262398601704025,0,42.0261669676224,1363.74481032789,326.30194,FALSE,"sum_SWA_t3",82.4303154426463,"3"
"29","undammed",0,0.915126634645944,0.0262398601704025,0,42.0261669676224,1363.74481032789,326.30194,FALSE,"sum_SWA_t4",0,"4"
"29","undammed",0,0.915126634645944,0.0262398601704025,0,42.0261669676224,1363.74481032789,326.30194,FALSE,"sum_SWA_t5",0,"5"
"29","undammed",0,0.915126634645944,0.0262398601704025,0,42.0261669676224,1363.74481032789,326.30194,FALSE,"sum_SWA_t6",0,"6"
"29","undammed",0,0.915126634645944,0.0262398601704025,0,42.0261669676224,1363.74481032789,326.30194,FALSE,"sum_SWA_t7",0,"7"
"29","undammed",0,0.915126634645944,0.0262398601704025,0,42.0261669676224,1363.74481032789,326.30194,FALSE,"sum_SWA_t8",0,"8"
"30","dammed",1,0.923488916663807,0.0272465062977258,1.11318030292786,44.9290982527378,3069.43004432321,325.3729,FALSE,"sum_SWA_t1",0,"1"
"30","dammed",1,0.923488916663807,0.0272465062977258,1.11318030292786,44.9290982527378,3069.43004432321,325.3729,FALSE,"sum_SWA_t2",0,"2"
"30","dammed",1,0.923488916663807,0.0272465062977258,1.11318030292786,44.9290982527378,3069.43004432321,325.3729,FALSE,"sum_SWA_t3",0,"3"
"30","dammed",1,0.923488916663807,0.0272465062977258,1.11318030292786,44.9290982527378,3069.43004432321,325.3729,FALSE,"sum_SWA_t4",0,"4"
"30","dammed",1,0.923488916663807,0.0272465062977258,1.11318030292786,44.9290982527378,3069.43004432321,325.3729,FALSE,"sum_SWA_t5",0,"5"
"30","dammed",1,0.923488916663807,0.0272465062977258,1.11318030292786,44.9290982527378,3069.43004432321,325.3729,FALSE,"sum_SWA_t6",0,"6"
"30","dammed",1,0.923488916663807,0.0272465062977258,1.11318030292786,44.9290982527378,3069.43004432321,325.3729,FALSE,"sum_SWA_t7",0,"7"
"30","dammed",1,0.923488916663807,0.0272465062977258,1.11318030292786,44.9290982527378,3069.43004432321,325.3729,FALSE,"sum_SWA_t8",0,"8"
"30","undammed",0,0.894387060333975,0.0295657403981271,0,38.5859986255271,1058.58674676716,319.48077,FALSE,"sum_SWA_t1",0,"1"
"30","undammed",0,0.894387060333975,0.0295657403981271,0,38.5859986255271,1058.58674676716,319.48077,FALSE,"sum_SWA_t2",0,"2"
"30","undammed",0,0.894387060333975,0.0295657403981271,0,38.5859986255271,1058.58674676716,319.48077,FALSE,"sum_SWA_t3",0,"3"
"30","undammed",0,0.894387060333975,0.0295657403981271,0,38.5859986255271,1058.58674676716,319.48077,FALSE,"sum_SWA_t4",0,"4"
"30","undammed",0,0.894387060333975,0.0295657403981271,0,38.5859986255271,1058.58674676716,319.48077,FALSE,"sum_SWA_t5",0,"5"
"30","undammed",0,0.894387060333975,0.0295657403981271,0,38.5859986255271,1058.58674676716,319.48077,FALSE,"sum_SWA_t6",0,"6"
"30","undammed",0,0.894387060333975,0.0295657403981271,0,38.5859986255271,1058.58674676716,319.48077,FALSE,"sum_SWA_t7",0,"7"
"30","undammed",0,0.894387060333975,0.0295657403981271,0,38.5859986255271,1058.58674676716,319.48077,FALSE,"sum_SWA_t8",0,"8"
"34","dammed",1,0.876211890112128,0.0341614136267193,1.18164305232525,29.3114671403806,1193.64474241436,274.84055,TRUE,"sum_SWA_t1",0,"1"
"34","dammed",1,0.876211890112128,0.0341614136267193,1.18164305232525,29.3114671403806,1193.64474241436,274.84055,TRUE,"sum_SWA_t2",0,"2"
"34","dammed",1,0.876211890112128,0.0341614136267193,1.18164305232525,29.3114671403806,1193.64474241436,274.84055,TRUE,"sum_SWA_t3",0,"3"
"34","dammed",1,0.876211890112128,0.0341614136267193,1.18164305232525,29.3114671403806,1193.64474241436,274.84055,TRUE,"sum_SWA_t4",0,"4"
"34","dammed",1,0.876211890112128,0.0341614136267193,1.18164305232525,29.3114671403806,1193.64474241436,274.84055,TRUE,"sum_SWA_t5",0,"5"
"34","dammed",1,0.876211890112128,0.0341614136267193,1.18164305232525,29.3114671403806,1193.64474241436,274.84055,TRUE,"sum_SWA_t6",0,"6"
"34","dammed",1,0.876211890112128,0.0341614136267193,1.18164305232525,29.3114671403806,1193.64474241436,274.84055,TRUE,"sum_SWA_t7",0,"7"
"34","dammed",1,0.876211890112128,0.0341614136267193,1.18164305232525,29.3114671403806,1193.64474241436,274.84055,TRUE,"sum_SWA_t8",0,"8"
"34","undammed",0,0.918114587087817,0.0249526418859445,0,46.9176062446015,2321.66383421421,276.29202,FALSE,"sum_SWA_t1",0,"1"
"34","undammed",0,0.918114587087817,0.0249526418859445,0,46.9176062446015,2321.66383421421,276.29202,FALSE,"sum_SWA_t2",0,"2"
"34","undammed",0,0.918114587087817,0.0249526418859445,0,46.9176062446015,2321.66383421421,276.29202,FALSE,"sum_SWA_t3",0,"3"
"34","undammed",0,0.918114587087817,0.0249526418859445,0,46.9176062446015,2321.66383421421,276.29202,FALSE,"sum_SWA_t4",0,"4"
"34","undammed",0,0.918114587087817,0.0249526418859445,0,46.9176062446015,2321.66383421421,276.29202,FALSE,"sum_SWA_t5",0,"5"
"34","undammed",0,0.918114587087817,0.0249526418859445,0,46.9176062446015,2321.66383421421,276.29202,FALSE,"sum_SWA_t6",0,"6"
"34","undammed",0,0.918114587087817,0.0249526418859445,0,46.9176062446015,2321.66383421421,276.29202,FALSE,"sum_SWA_t7",0,"7"
"34","undammed",0,0.918114587087817,0.0249526418859445,0,46.9176062446015,2321.66383421421,276.29202,FALSE,"sum_SWA_t8",0,"8"
"35","dammed",3,0.923281200659257,0.0315775137807871,3.3552307779372,44.4361368812511,17642.5138542503,274.7086,TRUE,"sum_SWA_t1",621.186129010659,"1"
"35","dammed",3,0.923281200659257,0.0315775137807871,3.3552307779372,44.4361368812511,17642.5138542503,274.7086,TRUE,"sum_SWA_t2",524.815155208578,"2"
"35","dammed",3,0.923281200659257,0.0315775137807871,3.3552307779372,44.4361368812511,17642.5138542503,274.7086,TRUE,"sum_SWA_t3",983.243955877949,"3"
"35","dammed",3,0.923281200659257,0.0315775137807871,3.3552307779372,44.4361368812511,17642.5138542503,274.7086,TRUE,"sum_SWA_t4",76.1231582873008,"4"
"35","dammed",3,0.923281200659257,0.0315775137807871,3.3552307779372,44.4361368812511,17642.5138542503,274.7086,TRUE,"sum_SWA_t5",0,"5"
"35","dammed",3,0.923281200659257,0.0315775137807871,3.3552307779372,44.4361368812511,17642.5138542503,274.7086,TRUE,"sum_SWA_t6",0,"6"
"35","dammed",3,0.923281200659257,0.0315775137807871,3.3552307779372,44.4361368812511,17642.5138542503,274.7086,TRUE,"sum_SWA_t7",0,"7"
"35","dammed",3,0.923281200659257,0.0315775137807871,3.3552307779372,44.4361368812511,17642.5138542503,274.7086,TRUE,"sum_SWA_t8",0,"8"
"35","undammed",0,0.861424969421932,0.0479403443176531,0,40.7744962562362,28608.9493317008,NA,TRUE,"sum_SWA_t1",0,"1"
"35","undammed",0,0.861424969421932,0.0479403443176531,0,40.7744962562362,28608.9493317008,NA,TRUE,"sum_SWA_t2",0,"2"
"35","undammed",0,0.861424969421932,0.0479403443176531,0,40.7744962562362,28608.9493317008,NA,TRUE,"sum_SWA_t3",0,"3"
"35","undammed",0,0.861424969421932,0.0479403443176531,0,40.7744962562362,28608.9493317008,NA,TRUE,"sum_SWA_t4",0,"4"
"35","undammed",0,0.861424969421932,0.0479403443176531,0,40.7744962562362,28608.9493317008,NA,TRUE,"sum_SWA_t5",0,"5"
"35","undammed",0,0.861424969421932,0.0479403443176531,0,40.7744962562362,28608.9493317008,NA,TRUE,"sum_SWA_t6",0,"6"
"35","undammed",0,0.861424969421932,0.0479403443176531,0,40.7744962562362,28608.9493317008,NA,TRUE,"sum_SWA_t7",0,"7"
"35","undammed",0,0.861424969421932,0.0479403443176531,0,40.7744962562362,28608.9493317008,NA,TRUE,"sum_SWA_t8",0,"8"
"38","dammed",1,0.921093807412631,0.0378152779014917,1.12833401516901,41.8898078798409,3595.01775848866,244.2096,FALSE,"sum_SWA_t1",0,"1"
"38","dammed",1,0.921093807412631,0.0378152779014917,1.12833401516901,41.8898078798409,3595.01775848866,244.2096,FALSE,"sum_SWA_t2",0,"2"
"38","dammed",1,0.921093807412631,0.0378152779014917,1.12833401516901,41.8898078798409,3595.01775848866,244.2096,FALSE,"sum_SWA_t3",0,"3"
"38","dammed",1,0.921093807412631,0.0378152779014917,1.12833401516901,41.8898078798409,3595.01775848866,244.2096,FALSE,"sum_SWA_t4",0,"4"
"38","dammed",1,0.921093807412631,0.0378152779014917,1.12833401516901,41.8898078798409,3595.01775848866,244.2096,FALSE,"sum_SWA_t5",0,"5"
"38","dammed",1,0.921093807412631,0.0378152779014917,1.12833401516901,41.8898078798409,3595.01775848866,244.2096,FALSE,"sum_SWA_t6",0,"6"
"38","dammed",1,0.921093807412631,0.0378152779014917,1.12833401516901,41.8898078798409,3595.01775848866,244.2096,FALSE,"sum_SWA_t7",0,"7"
"38","dammed",1,0.921093807412631,0.0378152779014917,1.12833401516901,41.8898078798409,3595.01775848866,244.2096,FALSE,"sum_SWA_t8",0,"8"
"38","undammed",0,0.90736972470299,0.0205089342155015,0,48.6894673378378,848.124785870314,244.19238,FALSE,"sum_SWA_t1",0,"1"
"38","undammed",0,0.90736972470299,0.0205089342155015,0,48.6894673378378,848.124785870314,244.19238,FALSE,"sum_SWA_t2",0,"2"
"38","undammed",0,0.90736972470299,0.0205089342155015,0,48.6894673378378,848.124785870314,244.19238,FALSE,"sum_SWA_t3",0,"3"
"38","undammed",0,0.90736972470299,0.0205089342155015,0,48.6894673378378,848.124785870314,244.19238,FALSE,"sum_SWA_t4",0,"4"
"38","undammed",0,0.90736972470299,0.0205089342155015,0,48.6894673378378,848.124785870314,244.19238,FALSE,"sum_SWA_t5",0,"5"
"38","undammed",0,0.90736972470299,0.0205089342155015,0,48.6894673378378,848.124785870314,244.19238,FALSE,"sum_SWA_t6",0,"6"
"38","undammed",0,0.90736972470299,0.0205089342155015,0,48.6894673378378,848.124785870314,244.19238,FALSE,"sum_SWA_t7",0,"7"
"38","undammed",0,0.90736972470299,0.0205089342155015,0,48.6894673378378,848.124785870314,244.19238,FALSE,"sum_SWA_t8",0,"8"
"39","dammed",1,0.916215556818398,0.0473448366205632,1.14568865544916,47.6918711688367,2648.85013188422,163.55113,TRUE,"sum_SWA_t1",0,"1"
"39","dammed",1,0.916215556818398,0.0473448366205632,1.14568865544916,47.6918711688367,2648.85013188422,163.55113,TRUE,"sum_SWA_t2",0,"2"
"39","dammed",1,0.916215556818398,0.0473448366205632,1.14568865544916,47.6918711688367,2648.85013188422,163.55113,TRUE,"sum_SWA_t3",0,"3"
"39","dammed",1,0.916215556818398,0.0473448366205632,1.14568865544916,47.6918711688367,2648.85013188422,163.55113,TRUE,"sum_SWA_t4",0,"4"
"39","dammed",1,0.916215556818398,0.0473448366205632,1.14568865544916,47.6918711688367,2648.85013188422,163.55113,TRUE,"sum_SWA_t5",0,"5"
"39","dammed",1,0.916215556818398,0.0473448366205632,1.14568865544916,47.6918711688367,2648.85013188422,163.55113,TRUE,"sum_SWA_t6",0,"6"
"39","dammed",1,0.916215556818398,0.0473448366205632,1.14568865544916,47.6918711688367,2648.85013188422,163.55113,TRUE,"sum_SWA_t7",0,"7"
"39","dammed",1,0.916215556818398,0.0473448366205632,1.14568865544916,47.6918711688367,2648.85013188422,163.55113,TRUE,"sum_SWA_t8",0,"8"
"39","undammed",0,0.898716041120471,0.0287518242863563,0,45.6312025003526,1953.68280326575,NA,TRUE,"sum_SWA_t1",0,"1"
"39","undammed",0,0.898716041120471,0.0287518242863563,0,45.6312025003526,1953.68280326575,NA,TRUE,"sum_SWA_t2",0,"2"
"39","undammed",0,0.898716041120471,0.0287518242863563,0,45.6312025003526,1953.68280326575,NA,TRUE,"sum_SWA_t3",0,"3"
"39","undammed",0,0.898716041120471,0.0287518242863563,0,45.6312025003526,1953.68280326575,NA,TRUE,"sum_SWA_t4",0,"4"
"39","undammed",0,0.898716041120471,0.0287518242863563,0,45.6312025003526,1953.68280326575,NA,TRUE,"sum_SWA_t5",0,"5"
"39","undammed",0,0.898716041120471,0.0287518242863563,0,45.6312025003526,1953.68280326575,NA,TRUE,"sum_SWA_t6",0,"6"
"39","undammed",0,0.898716041120471,0.0287518242863563,0,45.6312025003526,1953.68280326575,NA,TRUE,"sum_SWA_t7",0,"7"
"39","undammed",0,0.898716041120471,0.0287518242863563,0,45.6312025003526,1953.68280326575,NA,TRUE,"sum_SWA_t8",0,"8"
"40","dammed",1,0.899342981339698,0.0229728999462951,1.13806754979043,47.4823910746154,1114.32445453107,157.13434,FALSE,"sum_SWA_t1",0,"1"
"40","dammed",1,0.899342981339698,0.0229728999462951,1.13806754979043,47.4823910746154,1114.32445453107,157.13434,FALSE,"sum_SWA_t2",0,"2"
"40","dammed",1,0.899342981339698,0.0229728999462951,1.13806754979043,47.4823910746154,1114.32445453107,157.13434,FALSE,"sum_SWA_t3",0,"3"
"40","dammed",1,0.899342981339698,0.0229728999462951,1.13806754979043,47.4823910746154,1114.32445453107,157.13434,FALSE,"sum_SWA_t4",0,"4"
"40","dammed",1,0.899342981339698,0.0229728999462951,1.13806754979043,47.4823910746154,1114.32445453107,157.13434,FALSE,"sum_SWA_t5",0,"5"
"40","dammed",1,0.899342981339698,0.0229728999462951,1.13806754979043,47.4823910746154,1114.32445453107,157.13434,FALSE,"sum_SWA_t6",0,"6"
"40","dammed",1,0.899342981339698,0.0229728999462951,1.13806754979043,47.4823910746154,1114.32445453107,157.13434,FALSE,"sum_SWA_t7",0,"7"
"40","dammed",1,0.899342981339698,0.0229728999462951,1.13806754979043,47.4823910746154,1114.32445453107,157.13434,FALSE,"sum_SWA_t8",0,"8"
"40","undammed",0,0.907443082589692,0.0225418593818913,0,44.0196865800709,894.792903393507,157.18605,FALSE,"sum_SWA_t1",0,"1"
"40","undammed",0,0.907443082589692,0.0225418593818913,0,44.0196865800709,894.792903393507,157.18605,FALSE,"sum_SWA_t2",0,"2"
"40","undammed",0,0.907443082589692,0.0225418593818913,0,44.0196865800709,894.792903393507,157.18605,FALSE,"sum_SWA_t3",0,"3"
"40","undammed",0,0.907443082589692,0.0225418593818913,0,44.0196865800709,894.792903393507,157.18605,FALSE,"sum_SWA_t4",0,"4"
"40","undammed",0,0.907443082589692,0.0225418593818913,0,44.0196865800709,894.792903393507,157.18605,FALSE,"sum_SWA_t5",0,"5"
"40","undammed",0,0.907443082589692,0.0225418593818913,0,44.0196865800709,894.792903393507,157.18605,FALSE,"sum_SWA_t6",0,"6"
"40","undammed",0,0.907443082589692,0.0225418593818913,0,44.0196865800709,894.792903393507,157.18605,FALSE,"sum_SWA_t7",0,"7"
"40","undammed",0,0.907443082589692,0.0225418593818913,0,44.0196865800709,894.792903393507,157.18605,FALSE,"sum_SWA_t8",0,"8"
"41","dammed",3,0.902166253878762,0.0234476726511188,3.40517281323586,62.1599670286192,18654.0112554431,148.33694,TRUE,"sum_SWA_t1",83.610817139289,"1"
"41","dammed",3,0.902166253878762,0.0234476726511188,3.40517281323586,62.1599670286192,18654.0112554431,148.33694,TRUE,"sum_SWA_t2",0,"2"
"41","dammed",3,0.902166253878762,0.0234476726511188,3.40517281323586,62.1599670286192,18654.0112554431,148.33694,TRUE,"sum_SWA_t3",83.610817139289,"3"
"41","dammed",3,0.902166253878762,0.0234476726511188,3.40517281323586,62.1599670286192,18654.0112554431,148.33694,TRUE,"sum_SWA_t4",0,"4"
"41","dammed",3,0.902166253878762,0.0234476726511188,3.40517281323586,62.1599670286192,18654.0112554431,148.33694,TRUE,"sum_SWA_t5",0,"5"
"41","dammed",3,0.902166253878762,0.0234476726511188,3.40517281323586,62.1599670286192,18654.0112554431,148.33694,TRUE,"sum_SWA_t6",0,"6"
"41","dammed",3,0.902166253878762,0.0234476726511188,3.40517281323586,62.1599670286192,18654.0112554431,148.33694,TRUE,"sum_SWA_t7",0,"7"
"41","dammed",3,0.902166253878762,0.0234476726511188,3.40517281323586,62.1599670286192,18654.0112554431,148.33694,TRUE,"sum_SWA_t8",0,"8"
"41","undammed",0,0.910352341560265,0.0229957759584018,0,43.7806213830008,4782.20467960089,148.63574,TRUE,"sum_SWA_t1",0,"1"
"41","undammed",0,0.910352341560265,0.0229957759584018,0,43.7806213830008,4782.20467960089,148.63574,TRUE,"sum_SWA_t2",0,"2"
"41","undammed",0,0.910352341560265,0.0229957759584018,0,43.7806213830008,4782.20467960089,148.63574,TRUE,"sum_SWA_t3",0,"3"
"41","undammed",0,0.910352341560265,0.0229957759584018,0,43.7806213830008,4782.20467960089,148.63574,TRUE,"sum_SWA_t4",0,"4"
"41","undammed",0,0.910352341560265,0.0229957759584018,0,43.7806213830008,4782.20467960089,148.63574,TRUE,"sum_SWA_t5",0,"5"
"41","undammed",0,0.910352341560265,0.0229957759584018,0,43.7806213830008,4782.20467960089,148.63574,TRUE,"sum_SWA_t6",0,"6"
"41","undammed",0,0.910352341560265,0.0229957759584018,0,43.7806213830008,4782.20467960089,148.63574,TRUE,"sum_SWA_t7",0,"7"
"41","undammed",0,0.910352341560265,0.0229957759584018,0,43.7806213830008,4782.20467960089,148.63574,TRUE,"sum_SWA_t8",0,"8"
"44","dammed",1,0.926309309900197,0.0236813927517514,1.10573843210372,45.7465377600504,1231.02306441218,137.46588,TRUE,"sum_SWA_t1",0,"1"
"44","dammed",1,0.926309309900197,0.0236813927517514,1.10573843210372,45.7465377600504,1231.02306441218,137.46588,TRUE,"sum_SWA_t2",0,"2"
"44","dammed",1,0.926309309900197,0.0236813927517514,1.10573843210372,45.7465377600504,1231.02306441218,137.46588,TRUE,"sum_SWA_t3",0,"3"
"44","dammed",1,0.926309309900197,0.0236813927517514,1.10573843210372,45.7465377600504,1231.02306441218,137.46588,TRUE,"sum_SWA_t4",0,"4"
"44","dammed",1,0.926309309900197,0.0236813927517514,1.10573843210372,45.7465377600504,1231.02306441218,137.46588,TRUE,"sum_SWA_t5",0,"5"
"44","dammed",1,0.926309309900197,0.0236813927517514,1.10573843210372,45.7465377600504,1231.02306441218,137.46588,TRUE,"sum_SWA_t6",0,"6"
"44","dammed",1,0.926309309900197,0.0236813927517514,1.10573843210372,45.7465377600504,1231.02306441218,137.46588,TRUE,"sum_SWA_t7",0,"7"
"44","dammed",1,0.926309309900197,0.0236813927517514,1.10573843210372,45.7465377600504,1231.02306441218,137.46588,TRUE,"sum_SWA_t8",0,"8"
"44","undammed",0,0.91306089034837,0.0239841767108244,0,44.0631331370625,1405.46665876359,NA,TRUE,"sum_SWA_t1",0,"1"
"44","undammed",0,0.91306089034837,0.0239841767108244,0,44.0631331370625,1405.46665876359,NA,TRUE,"sum_SWA_t2",0,"2"
"44","undammed",0,0.91306089034837,0.0239841767108244,0,44.0631331370625,1405.46665876359,NA,TRUE,"sum_SWA_t3",0,"3"
"44","undammed",0,0.91306089034837,0.0239841767108244,0,44.0631331370625,1405.46665876359,NA,TRUE,"sum_SWA_t4",0,"4"
"44","undammed",0,0.91306089034837,0.0239841767108244,0,44.0631331370625,1405.46665876359,NA,TRUE,"sum_SWA_t5",0,"5"
"44","undammed",0,0.91306089034837,0.0239841767108244,0,44.0631331370625,1405.46665876359,NA,TRUE,"sum_SWA_t6",0,"6"
"44","undammed",0,0.91306089034837,0.0239841767108244,0,44.0631331370625,1405.46665876359,NA,TRUE,"sum_SWA_t7",0,"7"
"44","undammed",0,0.91306089034837,0.0239841767108244,0,44.0631331370625,1405.46665876359,NA,TRUE,"sum_SWA_t8",0,"8"
"45","dammed",3,0.919574206145775,0.0315318848479836,3.36859769227466,38.1274865811103,5644.92515507713,81.36477,TRUE,"sum_SWA_t1",0,"1"
"45","dammed",3,0.919574206145775,0.0315318848479836,3.36859769227466,38.1274865811103,5644.92515507713,81.36477,TRUE,"sum_SWA_t2",0,"2"
"45","dammed",3,0.919574206145775,0.0315318848479836,3.36859769227466,38.1274865811103,5644.92515507713,81.36477,TRUE,"sum_SWA_t3",0,"3"
"45","dammed",3,0.919574206145775,0.0315318848479836,3.36859769227466,38.1274865811103,5644.92515507713,81.36477,TRUE,"sum_SWA_t4",0,"4"
"45","dammed",3,0.919574206145775,0.0315318848479836,3.36859769227466,38.1274865811103,5644.92515507713,81.36477,TRUE,"sum_SWA_t5",0,"5"
"45","dammed",3,0.919574206145775,0.0315318848479836,3.36859769227466,38.1274865811103,5644.92515507713,81.36477,TRUE,"sum_SWA_t6",0,"6"
"45","dammed",3,0.919574206145775,0.0315318848479836,3.36859769227466,38.1274865811103,5644.92515507713,81.36477,TRUE,"sum_SWA_t7",0,"7"
"45","dammed",3,0.919574206145775,0.0315318848479836,3.36859769227466,38.1274865811103,5644.92515507713,81.36477,TRUE,"sum_SWA_t8",0,"8"
"45","undammed",1,0.908250589520525,0.0300885730508202,1.13517347752183,42.8508991341966,8687.39517438412,83.267876,TRUE,"sum_SWA_t1",0,"1"
"45","undammed",1,0.908250589520525,0.0300885730508202,1.13517347752183,42.8508991341966,8687.39517438412,83.267876,TRUE,"sum_SWA_t2",0,"2"
"45","undammed",1,0.908250589520525,0.0300885730508202,1.13517347752183,42.8508991341966,8687.39517438412,83.267876,TRUE,"sum_SWA_t3",0,"3"
"45","undammed",1,0.908250589520525,0.0300885730508202,1.13517347752183,42.8508991341966,8687.39517438412,83.267876,TRUE,"sum_SWA_t4",0,"4"
"45","undammed",1,0.908250589520525,0.0300885730508202,1.13517347752183,42.8508991341966,8687.39517438412,83.267876,TRUE,"sum_SWA_t5",0,"5"
"45","undammed",1,0.908250589520525,0.0300885730508202,1.13517347752183,42.8508991341966,8687.39517438412,83.267876,TRUE,"sum_SWA_t6",0,"6"
"45","undammed",1,0.908250589520525,0.0300885730508202,1.13517347752183,42.8508991341966,8687.39517438412,83.267876,TRUE,"sum_SWA_t7",0,"7"
"45","undammed",1,0.908250589520525,0.0300885730508202,1.13517347752183,42.8508991341966,8687.39517438412,83.267876,TRUE,"sum_SWA_t8",0,"8"
