"clusterID_seq","window_type","watershed","year","window_length","catchment_km2","riparian_area_m2","riparian_area_m2_0","riparian_area_m2_10","riparian_area_m2_20","riparian_area_m2_30","TO","p_window","f_window","beav_count_all","beav_count_conf","anthro_count","isAnthro","Nhat","t","SWA","VA_0","VA_10","VA_20","VA_30","NDVI_0","NDVI_10","NDVI_20","NDVI_30","NDVI_sd_0","NDVI_sd_10","NDVI_sd_20","NDVI_sd_30","containsNull"
1,"dammed","LBV",2023,250,5399.473,4086.06644070148,4087.516639524,9592.172643104,14957.343331039,20277.681274137,47.9221934587101,0.904882253723484,0.0247420167895936,1,0,0,0,1.13315264000072,"5",2471.76932757298,NA,NA,NA,NA,NA,NA,NA,NA,NA,NA,NA,NA,0
1,"dammed","LBV",2023,250,5399.473,4086.06644070148,4087.516639524,9592.172643104,14957.343331039,20277.681274137,47.9221934587101,0.904882253723484,0.0247420167895936,1,0,0,0,1.13315264000072,"6",2475.51639502212,1352.61944307813,5499.28049262552,10703.4418523452,15589.8237139234,0.471084122269034,0.480969352938856,0.4748451761357,0.462717113099576,0.0669946523691339,0.0838794645124339,0.0958995099114792,0.101175035889526,0
1,"dammed","LBV",2023,250,5399.473,4086.06644070148,4087.516639524,9592.172643104,14957.343331039,20277.681274137,47.9221934587101,0.904882253723484,0.0247420167895936,1,0,0,0,1.13315264000072,"7",2230.24907577599,NA,NA,NA,NA,NA,NA,NA,NA,NA,NA,NA,NA,0
1,"dammed","LBV",2023,250,5399.473,4086.06644070148,4087.516639524,9592.172643104,14957.343331039,20277.681274137,47.9221934587101,0.904882253723484,0.0247420167895936,1,0,0,0,1.13315264000072,"8",1531.72174145404,NA,NA,NA,NA,NA,NA,NA,NA,NA,NA,NA,NA,0
1,"undammed","LBV",2023,250,5394.16,3900.1573804915,3911.580641593,9514.577518319,14898.579977489,20199.324300272,43.5152876316203,0.888577277947813,0.0260351287968444,0,0,0,0,0,"5",2109.47635679081,NA,NA,NA,NA,NA,NA,NA,NA,NA,NA,NA,NA,0
1,"undammed","LBV",2023,250,5394.16,3900.1573804915,3911.580641593,9514.577518319,14898.579977489,20199.324300272,43.5152876316203,0.888577277947813,0.0260351287968444,0,0,0,0,0,"6",593.433161203534,2827.8843935499,7693.58510706284,12826.5490929996,17501.8345144833,0.515806096998564,0.530064139285761,0.506125278025536,0.47179520100848,0.0475653098351354,0.0422856166830605,0.0389343901286787,0.0394047705508112,0
1,"undammed","LBV",2023,250,5394.16,3900.1573804915,3911.580641593,9514.577518319,14898.579977489,20199.324300272,43.5152876316203,0.888577277947813,0.0260351287968444,0,0,0,0,0,"7",562.06561979406,NA,NA,NA,NA,NA,NA,NA,NA,NA,NA,NA,NA,0
1,"undammed","LBV",2023,250,5394.16,3900.1573804915,3911.580641593,9514.577518319,14898.579977489,20199.324300272,43.5152876316203,0.888577277947813,0.0260351287968444,0,0,0,0,0,"8",252.879623715317,NA,NA,NA,NA,NA,NA,NA,NA,NA,NA,NA,NA,0
7,"dammed","LBV",2023,250,5393.3955,3782.82522270083,3794.65103899,9244.954694762,14582.76623316,19870.901593987,45.5593450391796,0.899700897023502,0.0217456856334246,1,1,0,0,1.13618767684674,"5",1537.32433627119,NA,NA,NA,NA,NA,NA,NA,NA,NA,NA,NA,NA,0
7,"dammed","LBV",2023,250,5393.3955,3782.82522270083,3794.65103899,9244.954694762,14582.76623316,19870.901593987,45.5593450391796,0.899700897023502,0.0217456856334246,1,1,0,0,1.13618767684674,"6",796.989302283175,2365.85866325229,7523.69442105761,12542.1721809537,16804.5001148897,0.4712700930343,0.484746262357083,0.459961803879317,0.440161262514784,0.0411807235508726,0.0401502157132367,0.0374880044924282,0.0396199229840659,0
7,"dammed","LBV",2023,250,5393.3955,3782.82522270083,3794.65103899,9244.954694762,14582.76623316,19870.901593987,45.5593450391796,0.899700897023502,0.0217456856334246,1,1,0,0,1.13618767684674,"7",875.350834928541,NA,NA,NA,NA,NA,NA,NA,NA,NA,NA,NA,NA,0
7,"dammed","LBV",2023,250,5393.3955,3782.82522270083,3794.65103899,9244.954694762,14582.76623316,19870.901593987,45.5593450391796,0.899700897023502,0.0217456856334246,1,1,0,0,1.13618767684674,"8",220.757406533933,NA,NA,NA,NA,NA,NA,NA,NA,NA,NA,NA,NA,0
7,"undammed","LBV",2023,250,5394.0005,4701.54760703444,4701.569125791,10286.78027065,15653.326394086,20178.953054935,42.6331353637787,0.889358390564946,0.0241926193760293,0,0,0,0,0,"5",2425.49793453848,NA,NA,NA,NA,NA,NA,NA,NA,NA,NA,NA,NA,0
7,"undammed","LBV",2023,250,5394.0005,4701.54760703444,4701.569125791,10286.78027065,15653.326394086,20178.953054935,42.6331353637787,0.889358390564946,0.0241926193760293,0,0,0,0,0,"6",1389.39753649048,2642.05642320222,7700.08314403459,13031.8825490017,17506.9542909211,0.525179311532681,0.542048441168801,0.535566144431504,0.517945720347646,0.0365767213204332,0.0370623096162348,0.0413670498718193,0.0408908682054465,0
7,"undammed","LBV",2023,250,5394.0005,4701.54760703444,4701.569125791,10286.78027065,15653.326394086,20178.953054935,42.6331353637787,0.889358390564946,0.0241926193760293,0,0,0,0,0,"7",1483.87150337696,NA,NA,NA,NA,NA,NA,NA,NA,NA,NA,NA,NA,0
7,"undammed","LBV",2023,250,5394.0005,4701.54760703444,4701.569125791,10286.78027065,15653.326394086,20178.953054935,42.6331353637787,0.889358390564946,0.0241926193760293,0,0,0,0,0,"8",449.549715830766,NA,NA,NA,NA,NA,NA,NA,NA,NA,NA,NA,NA,0
8,"dammed","LBV",2023,350,5393.1904,5226.51734754443,5232.0847980339,12730.223656689,20087.179986426,27391.246469497,44.9803965157422,0.900951499317451,0.0220517643166991,2,1,0,0,2.26993131270728,"5",3595.35547625107,NA,NA,NA,NA,NA,NA,NA,NA,NA,NA,NA,NA,0
8,"dammed","LBV",2023,350,5393.1904,5226.51734754443,5232.0847980339,12730.223656689,20087.179986426,27391.246469497,44.9803965157422,0.900951499317451,0.0220517643166991,2,1,0,0,2.26993131270728,"6",3024.58519350407,1993.15959957347,8218.001812056,15531.6359632604,22824.6942923153,0.525746150255845,0.528363413445628,0.537095152846931,0.53977183986619,0.0599245674509698,0.0531172690347129,0.0527937756540959,0.0513500995521522,0
8,"dammed","LBV",2023,350,5393.1904,5226.51734754443,5232.0847980339,12730.223656689,20087.179986426,27391.246469497,44.9803965157422,0.900951499317451,0.0220517643166991,2,1,0,0,2.26993131270728,"7",2729.37371190155,NA,NA,NA,NA,NA,NA,NA,NA,NA,NA,NA,NA,0
8,"dammed","LBV",2023,350,5393.1904,5226.51734754443,5232.0847980339,12730.223656689,20087.179986426,27391.246469497,44.9803965157422,0.900951499317451,0.0220517643166991,2,1,0,0,2.26993131270728,"8",2314.67111056529,NA,NA,NA,NA,NA,NA,NA,NA,NA,NA,NA,NA,0
8,"undammed","LBV",2023,350,5389.104,4497.9391078651,4500.9617857001,11991.75628694,19354.22160876,26649.691916283,41.7025685374628,0.906696403958863,0.0206110084634459,0,0,0,0,0,"5",2705.81783568111,NA,NA,NA,NA,NA,NA,NA,NA,NA,NA,NA,NA,0
8,"undammed","LBV",2023,350,5389.104,4497.9391078651,4500.9617857001,11991.75628694,19354.22160876,26649.691916283,41.7025685374628,0.906696403958863,0.0206110084634459,0,0,0,0,0,"6",1121.69795124648,2598.81028203029,9085.42116812912,16297.4034168917,23605.4928616692,0.490070556179081,0.51603750215186,0.509152740595594,0.488361875898439,0.0448470390229348,0.0548530654680366,0.0597340515976726,0.0593281198828109,0
8,"undammed","LBV",2023,350,5389.104,4497.9391078651,4500.9617857001,11991.75628694,19354.22160876,26649.691916283,41.7025685374628,0.906696403958863,0.0206110084634459,0,0,0,0,0,"7",1122.55215970418,NA,NA,NA,NA,NA,NA,NA,NA,NA,NA,NA,NA,0
8,"undammed","LBV",2023,350,5389.104,4497.9391078651,4500.9617857001,11991.75628694,19354.22160876,26649.691916283,41.7025685374628,0.906696403958863,0.0206110084634459,0,0,0,0,0,"8",984.55206488441,NA,NA,NA,NA,NA,NA,NA,NA,NA,NA,NA,NA,0
9,"dammed","LBV",2023,250,5385.835,4306.82065287232,4308.4256093222,9813.743153545,15217.60782134,20572.038154542,43.3975391934625,0.875469929375335,0.0349229489921397,1,0,0,0,1.18357771104557,"5",2469.21468535451,NA,NA,NA,NA,NA,NA,NA,NA,NA,NA,NA,NA,0
9,"dammed","LBV",2023,250,5385.835,4306.82065287232,4308.4256093222,9813.743153545,15217.60782134,20572.038154542,43.3975391934625,0.875469929375335,0.0349229489921397,1,0,0,0,1.18357771104557,"6",1081.51477073992,2498.37376954322,7583.93902456246,12971.3812998753,18309.5944584865,0.533761854598036,0.554376510804192,0.542885452883052,0.520960580077724,0.0286358085885339,0.0232351652008599,0.0319214138993112,0.0363424763799546,0
9,"dammed","LBV",2023,250,5385.835,4306.82065287232,4308.4256093222,9813.743153545,15217.60782134,20572.038154542,43.3975391934625,0.875469929375335,0.0349229489921397,1,0,0,0,1.18357771104557,"7",1289.49926638019,NA,NA,NA,NA,NA,NA,NA,NA,NA,NA,NA,NA,0
9,"dammed","LBV",2023,250,5385.835,4306.82065287232,4308.4256093222,9813.743153545,15217.60782134,20572.038154542,43.3975391934625,0.875469929375335,0.0349229489921397,1,0,0,0,1.18357771104557,"8",917.688716257553,NA,NA,NA,NA,NA,NA,NA,NA,NA,NA,NA,NA,0
9,"undammed","LBV",2023,250,5388.0317,5069.80839169025,5064.567804335,10685.748559926,16123.485145081,21498.623539894,47.5094521959916,0.899644174201127,0.0226200433370729,0,0,0,0,0,"5",3051.67579402409,NA,NA,NA,NA,NA,NA,NA,NA,NA,NA,NA,NA,0
9,"undammed","LBV",2023,250,5388.0317,5069.80839169025,5064.567804335,10685.748559926,16123.485145081,21498.623539894,47.5094521959916,0.899644174201127,0.0226200433370729,0,0,0,0,0,"6",1954.36815759551,3080.22017753451,7261.67409626082,11245.17607745,14222.7744748882,0.465079280911587,0.467206001918522,0.440373439996544,0.421420363683104,0.0868389369813988,0.07494672192341,0.0687792142527063,0.0691039512618636,0
9,"undammed","LBV",2023,250,5388.0317,5069.80839169025,5064.567804335,10685.748559926,16123.485145081,21498.623539894,47.5094521959916,0.899644174201127,0.0226200433370729,0,0,0,0,0,"7",1783.24338184759,NA,NA,NA,NA,NA,NA,NA,NA,NA,NA,NA,NA,0
9,"undammed","LBV",2023,250,5388.0317,5069.80839169025,5064.567804335,10685.748559926,16123.485145081,21498.623539894,47.5094521959916,0.899644174201127,0.0226200433370729,0,0,0,0,0,"8",1883.26796211238,NA,NA,NA,NA,NA,NA,NA,NA,NA,NA,NA,NA,0
10,"dammed","LBV",2023,340,5385.259,6944.45476180315,6948.617685646,14631.208078881,21890.099061264,29073.400752178,48.7025029538472,0.912355584993775,0.0236931039483947,2,0,0,0,2.24532650905475,"5",6134.62749062777,NA,NA,NA,NA,NA,NA,NA,NA,NA,NA,NA,NA,0
10,"dammed","LBV",2023,340,5385.259,6944.45476180315,6948.617685646,14631.208078881,21890.099061264,29073.400752178,48.7025029538472,0.912355584993775,0.0236931039483947,2,0,0,0,2.24532650905475,"6",5168.14963988253,1759.92775130926,8495.4228774426,15700.2649428424,21792.9529758528,0.538727925714462,0.550580177584271,0.536507183251308,0.517909176632728,0.0433181633965777,0.0301463394374755,0.0349786583281941,0.0400812331921486,0
10,"dammed","LBV",2023,340,5385.259,6944.45476180315,6948.617685646,14631.208078881,21890.099061264,29073.400752178,48.7025029538472,0.912355584993775,0.0236931039483947,2,0,0,0,2.24532650905475,"7",5327.17018509472,NA,NA,NA,NA,NA,NA,NA,NA,NA,NA,NA,NA,0
10,"dammed","LBV",2023,340,5385.259,6944.45476180315,6948.617685646,14631.208078881,21890.099061264,29073.400752178,48.7025029538472,0.912355584993775,0.0236931039483947,2,0,0,0,2.24532650905475,"8",3975.88327622414,NA,NA,NA,NA,NA,NA,NA,NA,NA,NA,NA,NA,0
10,"undammed","LBV",2023,340,5383.113,13413.4911798835,13411.545985712,23206.753551537,31050.222773176,38664.060972229,66.4810904062361,0.903525114979652,0.0213287847083832,0,0,0,0,0,"5",9006.36157180211,NA,NA,NA,NA,NA,NA,NA,NA,NA,NA,NA,NA,0
10,"undammed","LBV",2023,340,5383.113,13413.4911798835,13411.545985712,23206.753551537,31050.222773176,38664.060972229,66.4810904062361,0.903525114979652,0.0213287847083832,0,0,0,0,0,"6",7688.04688321539,5348.0908981024,13855.6000449087,19842.8675306732,23528.4251472623,0.50675979131281,0.487386337098431,0.461430743089713,0.444275387887684,0.0998866645272942,0.0957554535683383,0.0862533459415252,0.0807265292446708,0
10,"undammed","LBV",2023,340,5383.113,13413.4911798835,13411.545985712,23206.753551537,31050.222773176,38664.060972229,66.4810904062361,0.903525114979652,0.0213287847083832,0,0,0,0,0,"7",8341.12537046437,NA,NA,NA,NA,NA,NA,NA,NA,NA,NA,NA,NA,0
10,"undammed","LBV",2023,340,5383.113,13413.4911798835,13411.545985712,23206.753551537,31050.222773176,38664.060972229,66.4810904062361,0.903525114979652,0.0213287847083832,0,0,0,0,0,"8",7221.90820889216,NA,NA,NA,NA,NA,NA,NA,NA,NA,NA,NA,NA,0
12,"dammed","LBV",2023,250,5348.71,5319.83759921789,5325.869164624,10796.488893613,16095.240334835,21356.114173116,48.8541285275752,0.912961413630592,0.0209520018547569,1,1,0,0,1.11877716567585,"5",4278.52917740135,NA,NA,NA,NA,NA,NA,NA,NA,NA,NA,NA,NA,0
12,"dammed","LBV",2023,250,5348.71,5319.83759921789,5325.869164624,10796.488893613,16095.240334835,21356.114173116,48.8541285275752,0.912961413630592,0.0209520018547569,1,1,0,0,1.11877716567585,"6",3713.7843664548,768.940371644263,4019.74071505677,6994.94628807517,9285.08070633832,0.33832691157083,0.399820014741588,0.433235102653391,0.439705840041715,0.145063842122469,0.118179501147943,0.10896148309645,0.110860891141679,0
12,"dammed","LBV",2023,250,5348.71,5319.83759921789,5325.869164624,10796.488893613,16095.240334835,21356.114173116,48.8541285275752,0.912961413630592,0.0209520018547569,1,1,0,0,1.11877716567585,"7",4185.7812417243,NA,NA,NA,NA,NA,NA,NA,NA,NA,NA,NA,NA,0
12,"dammed","LBV",2023,250,5348.71,5319.83759921789,5325.869164624,10796.488893613,16095.240334835,21356.114173116,48.8541285275752,0.912961413630592,0.0209520018547569,1,1,0,0,1.11877716567585,"8",3774.46842452218,NA,NA,NA,NA,NA,NA,NA,NA,NA,NA,NA,NA,0
12,"undammed","LBV",2023,250,5349.332,6013.17062819004,6029.117579883,11326.770234965,16595.089266047,21852.461350081,52.5383430154433,0.913624508336351,0.0202698305303656,0,0,0,0,0,"5",4351.39606587513,NA,NA,NA,NA,NA,NA,NA,NA,NA,NA,NA,NA,0
12,"undammed","LBV",2023,250,5349.332,6013.17062819004,6029.117579883,11326.770234965,16595.089266047,21852.461350081,52.5383430154433,0.913624508336351,0.0202698305303656,0,0,0,0,0,"6",4241.58940547003,858.287224982767,1790.80507788565,4098.13623944451,6438.02470646279,0.263713979753221,0.410104837913658,0.445385509197194,0.443699424921135,0.032751284044564,0.0891072770969457,0.0543791118774165,0.0399645460125009,0
12,"undammed","LBV",2023,250,5349.332,6013.17062819004,6029.117579883,11326.770234965,16595.089266047,21852.461350081,52.5383430154433,0.913624508336351,0.0202698305303656,0,0,0,0,0,"7",4197.65167725016,NA,NA,NA,NA,NA,NA,NA,NA,NA,NA,NA,NA,0
12,"undammed","LBV",2023,250,5349.332,6013.17062819004,6029.117579883,11326.770234965,16595.089266047,21852.461350081,52.5383430154433,0.913624508336351,0.0202698305303656,0,0,0,0,0,"8",4249.28616606161,NA,NA,NA,NA,NA,NA,NA,NA,NA,NA,NA,NA,0
13,"dammed","LBV",2023,250,5339.61,4234.64218434691,4241.811726149,9624.165480584,14913.075845551,20168.641114171,50.6770080417401,0.910577671371883,0.0200247075138211,1,1,0,0,1.12064453398118,"5",1276.82334210662,NA,NA,NA,NA,NA,NA,NA,NA,NA,NA,NA,NA,0
13,"dammed","LBV",2023,250,5339.61,4234.64218434691,4241.811726149,9624.165480584,14913.075845551,20168.641114171,50.6770080417401,0.910577671371883,0.0200247075138211,1,1,0,0,1.12064453398118,"6",1847.27852301294,1612.43171222163,6038.92567826813,10150.7415709552,13331.3040473788,0.460838505219155,0.450965604036284,0.442975631923636,0.439659331495141,0.0888495183939258,0.0660076062318566,0.0537091241604234,0.0580171001963965,0
13,"dammed","LBV",2023,250,5339.61,4234.64218434691,4241.811726149,9624.165480584,14913.075845551,20168.641114171,50.6770080417401,0.910577671371883,0.0200247075138211,1,1,0,0,1.12064453398118,"7",2147.62593850248,NA,NA,NA,NA,NA,NA,NA,NA,NA,NA,NA,NA,0
13,"dammed","LBV",2023,250,5339.61,4234.64218434691,4241.811726149,9624.165480584,14913.075845551,20168.641114171,50.6770080417401,0.910577671371883,0.0200247075138211,1,1,0,0,1.12064453398118,"8",1800.06198051023,NA,NA,NA,NA,NA,NA,NA,NA,NA,NA,NA,NA,0
13,"undammed","LBV",2023,250,5339.684,4419.15413978696,4434.721589141,9734.989750132,14997.502605706,20247.363373895,53.3911898898712,0.910491133484889,0.0199004463912584,0,0,0,0,0,"5",2600.99192874899,NA,NA,NA,NA,NA,NA,NA,NA,NA,NA,NA,NA,0
13,"undammed","LBV",2023,250,5339.684,4419.15413978696,4434.721589141,9734.989750132,14997.502605706,20247.363373895,53.3911898898712,0.910491133484889,0.0199004463912584,0,0,0,0,0,"6",3282.69568450147,709.337542545094,4672.03708980785,9940.09190934125,15156.3094752293,0.354585474975312,0.378313115840634,0.393135510215619,0.400806574538992,0.0392991913383876,0.0326110944779012,0.0292268558937478,0.0276428769804352,0
13,"undammed","LBV",2023,250,5339.684,4419.15413978696,4434.721589141,9734.989750132,14997.502605706,20247.363373895,53.3911898898712,0.910491133484889,0.0199004463912584,0,0,0,0,0,"7",3983.07917655379,NA,NA,NA,NA,NA,NA,NA,NA,NA,NA,NA,NA,0
13,"undammed","LBV",2023,250,5339.684,4419.15413978696,4434.721589141,9734.989750132,14997.502605706,20247.363373895,53.3911898898712,0.910491133484889,0.0199004463912584,0,0,0,0,0,"8",3485.13439396059,NA,NA,NA,NA,NA,NA,NA,NA,NA,NA,NA,NA,0
14,"dammed","LBV",2023,700,5339.342,10891.2588267177,10888.9884284859,25881.721099855,40412.215225195,54796.410236024,41.5716808899068,0.915414638476482,0.021982820065353,3,1,0,0,3.35086489765997,"5",1889.01747524668,NA,NA,NA,NA,NA,NA,NA,NA,NA,NA,NA,NA,0
14,"dammed","LBV",2023,700,5339.342,10891.2588267177,10888.9884284859,25881.721099855,40412.215225195,54796.410236024,41.5716808899068,0.915414638476482,0.021982820065353,3,1,0,0,3.35086489765997,"6",2706.34100524164,6016.33328094482,18204.7611856498,30044.1456196804,37397.1967902389,0.451638607317594,0.475464622273679,0.457165673711346,0.434401692333825,0.0641505300231308,0.0730030426099551,0.0816259068198472,0.084173385498083,0
14,"dammed","LBV",2023,700,5339.342,10891.2588267177,10888.9884284859,25881.721099855,40412.215225195,54796.410236024,41.5716808899068,0.915414638476482,0.021982820065353,3,1,0,0,3.35086489765997,"7",4376.63137475299,NA,NA,NA,NA,NA,NA,NA,NA,NA,NA,NA,NA,0
14,"dammed","LBV",2023,700,5339.342,10891.2588267177,10888.9884284859,25881.721099855,40412.215225195,54796.410236024,41.5716808899068,0.915414638476482,0.021982820065353,3,1,0,0,3.35086489765997,"8",3265.88691008255,NA,NA,NA,NA,NA,NA,NA,NA,NA,NA,NA,NA,0
14,"undammed","LBV",2023,700,5338.988,9470.83506248891,9461.0965404697,24727.903429435,39463.242222464,54043.657857823,38.362892035008,0.900266377942616,0.0195908844599071,1,1,0,0,1.13297839560359,"5",1357.83428688283,NA,NA,NA,NA,NA,NA,NA,NA,NA,NA,NA,NA,0
14,"undammed","LBV",2023,700,5338.988,9470.83506248891,9461.0965404697,24727.903429435,39463.242222464,54043.657857823,38.362892035008,0.900266377942616,0.0195908844599071,1,1,0,0,1.13297839560359,"6",1621.56268629443,6970.77414894852,20869.8662561753,31667.229822645,36484.624895971,0.390129060703752,0.377354960021253,0.355981285446946,0.3449658796762,0.0578075220549759,0.0597099768622468,0.0588818770867867,0.0526143964425773,0
14,"undammed","LBV",2023,700,5338.988,9470.83506248891,9461.0965404697,24727.903429435,39463.242222464,54043.657857823,38.362892035008,0.900266377942616,0.0195908844599071,1,1,0,0,1.13297839560359,"7",3058.16951325103,NA,NA,NA,NA,NA,NA,NA,NA,NA,NA,NA,NA,0
14,"undammed","LBV",2023,700,5338.988,9470.83506248891,9461.0965404697,24727.903429435,39463.242222464,54043.657857823,38.362892035008,0.900266377942616,0.0195908844599071,1,1,0,0,1.13297839560359,"8",1347.91889029414,NA,NA,NA,NA,NA,NA,NA,NA,NA,NA,NA,NA,0
16,"dammed","LBV",2023,250,4391.323,3810.22032926977,3822.069208019,9491.469446531,14869.546875934,20194.48558804,38.4134258618753,0.902571533365518,0.02191705100008,1,1,0,0,1.13277245542782,"5",0,NA,NA,NA,NA,NA,NA,NA,NA,NA,NA,NA,NA,0
16,"dammed","LBV",2023,250,4391.323,3810.22032926977,3822.069208019,9491.469446531,14869.546875934,20194.48558804,38.4134258618753,0.902571533365518,0.02191705100008,1,1,0,0,1.13277245542782,"6",253.890594996191,3499.7311164108,8694.6365597594,12514.960431357,15263.0630634383,0.44623107511044,0.436948305577677,0.403396421441326,0.383533108338035,0.0412298361588787,0.0343263257742455,0.0269910993526292,0.0270052868301496,0
16,"dammed","LBV",2023,250,4391.323,3810.22032926977,3822.069208019,9491.469446531,14869.546875934,20194.48558804,38.4134258618753,0.902571533365518,0.02191705100008,1,1,0,0,1.13277245542782,"7",466.473442552604,NA,NA,NA,NA,NA,NA,NA,NA,NA,NA,NA,NA,0
16,"dammed","LBV",2023,250,4391.323,3810.22032926977,3822.069208019,9491.469446531,14869.546875934,20194.48558804,38.4134258618753,0.902571533365518,0.02191705100008,1,1,0,0,1.13277245542782,"8",89.3108511186114,NA,NA,NA,NA,NA,NA,NA,NA,NA,NA,NA,NA,0
16,"undammed","LBV",2023,250,4389.532,3803.99896241724,3812.16422398,9135.610617918,14380.327586808,19595.516292916,46.2225655350249,0.908947619349782,0.0197307302743172,0,0,0,0,0,"5",1269.09083832362,NA,NA,NA,NA,NA,NA,NA,NA,NA,NA,NA,NA,0
16,"undammed","LBV",2023,250,4389.532,3803.99896241724,3812.16422398,9135.610617918,14380.327586808,19595.516292916,46.2225655350249,0.908947619349782,0.0197307302743172,0,0,0,0,0,"6",1607.52671802792,1244.9141212613,4196.75788364784,6463.3744176528,8602.11095967012,0.348818754325657,0.3918773559687,0.398044726875216,0.388107386664594,0.0767995314112331,0.0772435698822304,0.0681523099166517,0.055216876935838,0
16,"undammed","LBV",2023,250,4389.532,3803.99896241724,3812.16422398,9135.610617918,14380.327586808,19595.516292916,46.2225655350249,0.908947619349782,0.0197307302743172,0,0,0,0,0,"7",2126.04384685918,NA,NA,NA,NA,NA,NA,NA,NA,NA,NA,NA,NA,0
16,"undammed","LBV",2023,250,4389.532,3803.99896241724,3812.16422398,9135.610617918,14380.327586808,19595.516292916,46.2225655350249,0.908947619349782,0.0197307302743172,0,0,0,0,0,"8",1104.29812504474,NA,NA,NA,NA,NA,NA,NA,NA,NA,NA,NA,NA,0
17,"dammed","LBV",2023,250,4385.237,10226.9596487135,10244.160927815,15400.466476595,18887.181285855,21835.437481683,49.4625413865395,0.902305499483044,0.018726577113402,1,1,0,0,1.12942230191242,"5",1018.55465359805,NA,NA,NA,NA,NA,NA,NA,NA,NA,NA,NA,NA,0
17,"dammed","LBV",2023,250,4385.237,10226.9596487135,10244.160927815,15400.466476595,18887.181285855,21835.437481683,49.4625413865395,0.902305499483044,0.018726577113402,1,1,0,0,1.12942230191242,"6",1755.96946882454,7255.49660494935,11583.3361965105,12585.874711579,12663.214327225,0.388418018933961,0.337835143955631,0.328886988205227,0.328321296791839,0.0458551186051731,0.0492963644803158,0.0478417388519879,0.048359655933541,0
17,"dammed","LBV",2023,250,4385.237,10226.9596487135,10244.160927815,15400.466476595,18887.181285855,21835.437481683,49.4625413865395,0.902305499483044,0.018726577113402,1,1,0,0,1.12942230191242,"7",3616.64136646986,NA,NA,NA,NA,NA,NA,NA,NA,NA,NA,NA,NA,0
17,"dammed","LBV",2023,250,4385.237,10226.9596487135,10244.160927815,15400.466476595,18887.181285855,21835.437481683,49.4625413865395,0.902305499483044,0.018726577113402,1,1,0,0,1.12942230191242,"8",2346.54590278209,NA,NA,NA,NA,NA,NA,NA,NA,NA,NA,NA,NA,0
17,"undammed","LBV",2023,250,4389.053,3630.92621906102,3638.628443435,8958.50850844,14223.469856072,19466.279285735,43.6545152212338,0.910650426447281,0.0193573130969478,0,0,0,0,0,"5",210.655208897357,NA,NA,NA,NA,NA,NA,NA,NA,NA,NA,NA,NA,0
17,"undammed","LBV",2023,250,4389.053,3630.92621906102,3638.628443435,8958.50850844,14223.469856072,19466.279285735,43.6545152212338,0.910650426447281,0.0193573130969478,0,0,0,0,0,"6",338.955015325079,2008.85475544649,5775.26280903536,8617.45156423531,11184.6357181325,0.34742975958626,0.36509332891681,0.360019103037296,0.341489067579473,0.037879829718519,0.02700983986206,0.0290183885476464,0.0282198670371142,0
17,"undammed","LBV",2023,250,4389.053,3630.92621906102,3638.628443435,8958.50850844,14223.469856072,19466.279285735,43.6545152212338,0.910650426447281,0.0193573130969478,0,0,0,0,0,"7",1495.51478254421,NA,NA,NA,NA,NA,NA,NA,NA,NA,NA,NA,NA,0
17,"undammed","LBV",2023,250,4389.053,3630.92621906102,3638.628443435,8958.50850844,14223.469856072,19466.279285735,43.6545152212338,0.910650426447281,0.0193573130969478,0,0,0,0,0,"8",66.9721923853837,NA,NA,NA,NA,NA,NA,NA,NA,NA,NA,NA,NA,0
18,"dammed","LBV",2023,250,4330.431,4316.3516548872,4340.043234005,9825.972041633,15115.106579776,19889.021053051,46.2514417235904,0.890039751563852,0.0260006652477055,1,0,0,0,1.15353808030383,"5",402.926262432687,NA,NA,NA,NA,NA,NA,NA,NA,NA,NA,NA,NA,0
18,"dammed","LBV",2023,250,4330.431,4316.3516548872,4340.043234005,9825.972041633,15115.106579776,19889.021053051,46.2514417235904,0.890039751563852,0.0260006652477055,1,0,0,0,1.15353808030383,"6",563.621122160145,3629.0812478159,8535.64936236213,13424.7679309321,17867.0591305003,0.48018363004042,0.465238685158498,0.450198556660413,0.45697231632361,0.0432526638312185,0.0481071415581888,0.0529759798923317,0.0599855236258616,0
18,"dammed","LBV",2023,250,4330.431,4316.3516548872,4340.043234005,9825.972041633,15115.106579776,19889.021053051,46.2514417235904,0.890039751563852,0.0260006652477055,1,0,0,0,1.15353808030383,"7",864.384572912665,NA,NA,NA,NA,NA,NA,NA,NA,NA,NA,NA,NA,0
18,"dammed","LBV",2023,250,4330.431,4316.3516548872,4340.043234005,9825.972041633,15115.106579776,19889.021053051,46.2514417235904,0.890039751563852,0.0260006652477055,1,0,0,0,1.15353808030383,"8",339.499018710735,NA,NA,NA,NA,NA,NA,NA,NA,NA,NA,NA,NA,0
18,"undammed","LBV",2023,250,4331.8057,3779.65984894335,3773.236994702,9248.619751079,14509.765964249,19710.610728788,41.8032154719599,0.886122229902969,0.0256070632662324,0,0,0,0,0,"5",NA,NA,NA,NA,NA,NA,NA,NA,NA,NA,NA,NA,NA,1
18,"undammed","LBV",2023,250,4331.8057,3779.65984894335,3773.236994702,9248.619751079,14509.765964249,19710.610728788,41.8032154719599,0.886122229902969,0.0256070632662324,0,0,0,0,0,"6",637.841655969152,3058.42781141693,8172.21051985797,12772.4759833841,16620.4364600986,0.436237048386935,0.412884512215561,0.389114535417632,0.382056162896101,0.0490862432257578,0.0378579736767551,0.0355743171235761,0.0393312971014264,0
18,"undammed","LBV",2023,250,4331.8057,3779.65984894335,3773.236994702,9248.619751079,14509.765964249,19710.610728788,41.8032154719599,0.886122229902969,0.0256070632662324,0,0,0,0,0,"7",882.434202469798,NA,NA,NA,NA,NA,NA,NA,NA,NA,NA,NA,NA,0
18,"undammed","LBV",2023,250,4331.8057,3779.65984894335,3773.236994702,9248.619751079,14509.765964249,19710.610728788,41.8032154719599,0.886122229902969,0.0256070632662324,0,0,0,0,0,"8",530.952891636596,NA,NA,NA,NA,NA,NA,NA,NA,NA,NA,NA,NA,0
19,"dammed","LBV",2023,250,4330.2256,6377.681435287,6380.768250362,14717.258935506,20596.578325588,26193.758016395,44.5379230911342,0.903097310648981,0.0205895937154265,1,1,0,0,1.13057853801119,"5",534.595688606711,NA,NA,NA,NA,NA,NA,NA,NA,NA,NA,NA,NA,0
19,"dammed","LBV",2023,250,4330.2256,6377.681435287,6380.768250362,14717.258935506,20596.578325588,26193.758016395,44.5379230911342,0.903097310648981,0.0205895937154265,1,1,0,0,1.13057853801119,"6",246.188419904195,5383.12738055061,12380.8849688661,17608.8119978063,23107.2663977529,0.548983252429662,0.539912123090293,0.515721109754766,0.504755676059583,0.0600220825741089,0.0639331197210636,0.0703429632030323,0.0743030034349474,0
19,"dammed","LBV",2023,250,4330.2256,6377.681435287,6380.768250362,14717.258935506,20596.578325588,26193.758016395,44.5379230911342,0.903097310648981,0.0205895937154265,1,1,0,0,1.13057853801119,"7",729.668839744026,NA,NA,NA,NA,NA,NA,NA,NA,NA,NA,NA,NA,0
19,"dammed","LBV",2023,250,4330.2256,6377.681435287,6380.768250362,14717.258935506,20596.578325588,26193.758016395,44.5379230911342,0.903097310648981,0.0205895937154265,1,1,0,0,1.13057853801119,"8",375.0653754246,NA,NA,NA,NA,NA,NA,NA,NA,NA,NA,NA,NA,0
19,"undammed","LBV",2023,250,4330.06,5054.16988866031,5072.193468209,10651.362834138,15932.788375428,21171.42030783,53.8467758312879,0.899819058606778,0.0188065909357771,0,0,0,0,0,"5",1478.46397110317,NA,NA,NA,NA,NA,NA,NA,NA,NA,NA,NA,NA,0
19,"undammed","LBV",2023,250,4330.06,5054.16988866031,5072.193468209,10651.362834138,15932.788375428,21171.42030783,53.8467758312879,0.899819058606778,0.0188065909357771,0,0,0,0,0,"6",1903.97733749549,2550.4763857374,7692.54891854081,12815.0911380244,18083.7089050293,0.463663423751866,0.455862587936179,0.448304514707828,0.449860371358727,0.0654331466953225,0.0538765073523375,0.0516136572356042,0.0430694329112949,0
19,"undammed","LBV",2023,250,4330.06,5054.16988866031,5072.193468209,10651.362834138,15932.788375428,21171.42030783,53.8467758312879,0.899819058606778,0.0188065909357771,0,0,0,0,0,"7",2242.0926496272,NA,NA,NA,NA,NA,NA,NA,NA,NA,NA,NA,NA,0
19,"undammed","LBV",2023,250,4330.06,5054.16988866031,5072.193468209,10651.362834138,15932.788375428,21171.42030783,53.8467758312879,0.899819058606778,0.0188065909357771,0,0,0,0,0,"8",1676.74310888099,NA,NA,NA,NA,NA,NA,NA,NA,NA,NA,NA,NA,0
20,"dammed","LBV",2023,250,4309.839,17276.3897284754,17297.858989737,25769.286376633,31240.988422626,36637.585687084,66.8047914517931,0.919457724676841,0.0207008380828318,1,1,0,0,1.11058767979199,"5",NA,NA,NA,NA,NA,NA,NA,NA,NA,NA,NA,NA,NA,1
20,"dammed","LBV",2023,250,4309.839,17276.3897284754,17297.858989737,25769.286376633,31240.988422626,36637.585687084,66.8047914517931,0.919457724676841,0.0207008380828318,1,1,0,0,1.11058767979199,"6",3087.05495165586,13589.5514085957,22108.1114200068,27468.7638945636,33026.1207731958,0.509351693779799,0.504901652671096,0.515432779516006,0.519546703356056,0.039818554922789,0.0370294978862588,0.037123640725854,0.0355009480620918,0
20,"dammed","LBV",2023,250,4309.839,17276.3897284754,17297.858989737,25769.286376633,31240.988422626,36637.585687084,66.8047914517931,0.919457724676841,0.0207008380828318,1,1,0,0,1.11058767979199,"7",3064.84021905567,NA,NA,NA,NA,NA,NA,NA,NA,NA,NA,NA,NA,0
20,"dammed","LBV",2023,250,4309.839,17276.3897284754,17297.858989737,25769.286376633,31240.988422626,36637.585687084,66.8047914517931,0.919457724676841,0.0207008380828318,1,1,0,0,1.11058767979199,"8",2892.21419340793,NA,NA,NA,NA,NA,NA,NA,NA,NA,NA,NA,NA,0
20,"undammed","LBV",2023,250,4314.98,11177.8106424734,11179.320639084,16228.422614048,21237.607208333,26219.218668136,57.057230544735,0.919292360616334,0.0205849388971241,0,0,0,0,0,"5",NA,NA,NA,NA,NA,NA,NA,NA,NA,NA,NA,NA,NA,1
20,"undammed","LBV",2023,250,4314.98,11177.8106424734,11179.320639084,16228.422614048,21237.607208333,26219.218668136,57.057230544735,0.919292360616334,0.0205849388971241,0,0,0,0,0,"6",1896.666226107,8041.81766752355,12930.6082300822,17708.8193485335,22308.7996906654,0.424928547640759,0.378421657868536,0.357007462005911,0.347355498322884,0.0633748639594136,0.0419860502545384,0.0309252482199393,0.0271260389094527,0
20,"undammed","LBV",2023,250,4314.98,11177.8106424734,11179.320639084,16228.422614048,21237.607208333,26219.218668136,57.057230544735,0.919292360616334,0.0205849388971241,0,0,0,0,0,"7",2196.09268528597,NA,NA,NA,NA,NA,NA,NA,NA,NA,NA,NA,NA,0
20,"undammed","LBV",2023,250,4314.98,11177.8106424734,11179.320639084,16228.422614048,21237.607208333,26219.218668136,57.057230544735,0.919292360616334,0.0205849388971241,0,0,0,0,0,"8",721.629698401339,NA,NA,NA,NA,NA,NA,NA,NA,NA,NA,NA,NA,0
21,"dammed","LBV",2023,250,4304.791,24657.3166549318,24713.830566545,30868.20561161,36135.64721877,41390.69588058,66.3449807582258,0.904949307939409,0.0197013481728173,1,1,0,0,1.12724246868702,"5",3393.76098773035,NA,NA,NA,NA,NA,NA,NA,NA,NA,NA,NA,NA,0
21,"dammed","LBV",2023,250,4304.791,24657.3166549318,24713.830566545,30868.20561161,36135.64721877,41390.69588058,66.3449807582258,0.904949307939409,0.0197013481728173,1,1,0,0,1.12724246868702,"6",4519.94638839329,10799.3112628712,13904.5164530137,16202.854730823,18174.2344527001,0.415669232170796,0.382073282917859,0.360477614994182,0.346175446420836,0.0471034686577087,0.0429928404970663,0.0385683619902272,0.0371344626387248,0
21,"dammed","LBV",2023,250,4304.791,24657.3166549318,24713.830566545,30868.20561161,36135.64721877,41390.69588058,66.3449807582258,0.904949307939409,0.0197013481728173,1,1,0,0,1.12724246868702,"7",6079.71053591195,NA,NA,NA,NA,NA,NA,NA,NA,NA,NA,NA,NA,0
21,"dammed","LBV",2023,250,4304.791,24657.3166549318,24713.830566545,30868.20561161,36135.64721877,41390.69588058,66.3449807582258,0.904949307939409,0.0197013481728173,1,1,0,0,1.12724246868702,"8",5507.09116417637,NA,NA,NA,NA,NA,NA,NA,NA,NA,NA,NA,NA,0
21,"undammed","LBV",2023,250,4304.9565,13407.5390045773,13425.113107973,21705.308755795,27240.624188898,32669.433605068,73.4673682540359,0.904230667631841,0.0204532674970667,0,0,0,0,0,"5",4719.67539272706,NA,NA,NA,NA,NA,NA,NA,NA,NA,NA,NA,NA,0
21,"undammed","LBV",2023,250,4304.9565,13407.5390045773,13425.113107973,21705.308755795,27240.624188898,32669.433605068,73.4673682540359,0.904230667631841,0.0204532674970667,0,0,0,0,0,"6",4256.16556412753,8689.63910833621,16208.056322584,20925.1985880235,25464.4275052538,0.539273555790965,0.535059671598156,0.529448606401907,0.512180175815401,0.0685685442081798,0.0627971478111302,0.0541250097284975,0.04689556958559,0
21,"undammed","LBV",2023,250,4304.9565,13407.5390045773,13425.113107973,21705.308755795,27240.624188898,32669.433605068,73.4673682540359,0.904230667631841,0.0204532674970667,0,0,0,0,0,"7",4258.10854727427,NA,NA,NA,NA,NA,NA,NA,NA,NA,NA,NA,NA,0
21,"undammed","LBV",2023,250,4304.9565,13407.5390045773,13425.113107973,21705.308755795,27240.624188898,32669.433605068,73.4673682540359,0.904230667631841,0.0204532674970667,0,0,0,0,0,"8",4800.09976041784,NA,NA,NA,NA,NA,NA,NA,NA,NA,NA,NA,NA,0
22,"dammed","LBV",2023,250,4286.174,10168.2418558598,10175.519819169,15706.008453142,20855.443073853,25962.819691169,65.0183444735951,0.902506305187672,0.0195447336002692,1,0,0,0,1.13011326259039,"5",5173.64718948696,NA,NA,NA,NA,NA,NA,NA,NA,NA,NA,NA,NA,0
22,"dammed","LBV",2023,250,4286.174,10168.2418558598,10175.519819169,15706.008453142,20855.443073853,25962.819691169,65.0183444735951,0.902506305187672,0.0195447336002692,1,0,0,0,1.13011326259039,"6",4754.59187447791,5094.37231041403,9512.02845007204,14651.3884419759,19753.8145800422,0.578217319911855,0.525331370541858,0.487853496222959,0.476765650229659,0.0253714341773957,0.0340004742837447,0.0339559229277792,0.0317826501294067,0
22,"dammed","LBV",2023,250,4286.174,10168.2418558598,10175.519819169,15706.008453142,20855.443073853,25962.819691169,65.0183444735951,0.902506305187672,0.0195447336002692,1,0,0,0,1.13011326259039,"7",4405.39624265947,NA,NA,NA,NA,NA,NA,NA,NA,NA,NA,NA,NA,0
22,"dammed","LBV",2023,250,4286.174,10168.2418558598,10175.519819169,15706.008453142,20855.443073853,25962.819691169,65.0183444735951,0.902506305187672,0.0195447336002692,1,0,0,0,1.13011326259039,"8",5169.517630147,NA,NA,NA,NA,NA,NA,NA,NA,NA,NA,NA,NA,0
22,"undammed","LBV",2023,250,4286.407,11331.0574491508,11359.733493819,16708.334070305,21859.358263345,26895.387917697,69.2406962815324,0.90934512015103,0.0194945118407191,0,0,0,0,0,"5",4420.33073227803,NA,NA,NA,NA,NA,NA,NA,NA,NA,NA,NA,NA,0
22,"undammed","LBV",2023,250,4286.407,11331.0574491508,11359.733493819,16708.334070305,21859.358263345,26895.387917697,69.2406962815324,0.90934512015103,0.0194945118407191,0,0,0,0,0,"6",3709.19829234633,7110.57388583913,12136.6074891633,17253.9269007365,22417.5383410884,0.596895965663407,0.583364754808993,0.565405101469598,0.537092372690226,0.0360793028994783,0.0363116338382258,0.0483665669398778,0.0544480927077553,0
22,"undammed","LBV",2023,250,4286.407,11331.0574491508,11359.733493819,16708.334070305,21859.358263345,26895.387917697,69.2406962815324,0.90934512015103,0.0194945118407191,0,0,0,0,0,"7",3466.84719618395,NA,NA,NA,NA,NA,NA,NA,NA,NA,NA,NA,NA,0
22,"undammed","LBV",2023,250,4286.407,11331.0574491508,11359.733493819,16708.334070305,21859.358263345,26895.387917697,69.2406962815324,0.90934512015103,0.0194945118407191,0,0,0,0,0,"8",4179.94578392786,NA,NA,NA,NA,NA,NA,NA,NA,NA,NA,NA,NA,0
24,"dammed","LBV",2023,300,4134.4673,8744.16788252443,8756.694198155,15245.479437035,21463.777906968,27604.993067639,66.1853224803901,0.911434738085957,0.0208290942982582,2,2,0,0,2.24102095684875,"5",NA,NA,NA,NA,NA,NA,NA,NA,NA,NA,NA,NA,NA,1
24,"dammed","LBV",2023,300,4134.4673,8744.16788252443,8756.694198155,15245.479437035,21463.777906968,27604.993067639,66.1853224803901,0.911434738085957,0.0208290942982582,2,2,0,0,2.24102095684875,"6",4978.89047166319,3954.70347771738,8883.89403004366,12210.8490278057,14735.7804282394,0.552579435679669,0.520095845919146,0.508271598460258,0.49704842638226,0.100135694265962,0.092316089206342,0.0806965364417531,0.0769716410449459,0
24,"dammed","LBV",2023,300,4134.4673,8744.16788252443,8756.694198155,15245.479437035,21463.777906968,27604.993067639,66.1853224803901,0.911434738085957,0.0208290942982582,2,2,0,0,2.24102095684875,"7",5001.99704021286,NA,NA,NA,NA,NA,NA,NA,NA,NA,NA,NA,NA,0
24,"dammed","LBV",2023,300,4134.4673,8744.16788252443,8756.694198155,15245.479437035,21463.777906968,27604.993067639,66.1853224803901,0.911434738085957,0.0208290942982582,2,2,0,0,2.24102095684875,"8",5381.76568780319,NA,NA,NA,NA,NA,NA,NA,NA,NA,NA,NA,NA,0
24,"undammed","LBV",2023,300,4134.7354,9653.06335976906,9660.724161427,16112.754109432,22349.887665491,28443.498475018,68.0454473749153,0.914963065627074,0.019145812280413,0,0,0,0,0,"5",NA,NA,NA,NA,NA,NA,NA,NA,NA,NA,NA,NA,NA,1
24,"undammed","LBV",2023,300,4134.7354,9653.06335976906,9660.724161427,16112.754109432,22349.887665491,28443.498475018,68.0454473749153,0.914963065627074,0.019145812280413,0,0,0,0,0,"6",4457.06077568017,5117.82350050982,11037.110196611,17045.6291049434,22052.9011061724,0.591198570607134,0.528692137092217,0.486546614092532,0.461777020499196,0.0625100177790262,0.0646155520994345,0.0665924361994547,0.075033747313426,0
24,"undammed","LBV",2023,300,4134.7354,9653.06335976906,9660.724161427,16112.754109432,22349.887665491,28443.498475018,68.0454473749153,0.914963065627074,0.019145812280413,0,0,0,0,0,"7",4559.49047091218,NA,NA,NA,NA,NA,NA,NA,NA,NA,NA,NA,NA,0
24,"undammed","LBV",2023,300,4134.7354,9653.06335976906,9660.724161427,16112.754109432,22349.887665491,28443.498475018,68.0454473749153,0.914963065627074,0.019145812280413,0,0,0,0,0,"8",5468.6349863999,NA,NA,NA,NA,NA,NA,NA,NA,NA,NA,NA,NA,0
25,"dammed","LBV",2023,250,4133.67,9400.87565957196,9407.935736575,17813.252279943,23700.439846921,29158.086364141,65.5969823340687,0.915921272873671,0.0206242175846899,1,1,0,0,1.11478853434112,"5",NA,NA,NA,NA,NA,NA,NA,NA,NA,NA,NA,NA,NA,1
25,"dammed","LBV",2023,250,4133.67,9400.87565957196,9407.935736575,17813.252279943,23700.439846921,29158.086364141,65.5969823340687,0.915921272873671,0.0206242175846899,1,1,0,0,1.11478853434112,"6",3749.49304394348,5296.70442331351,12225.7971400242,17987.8943655276,23403.7433190738,0.611647068241435,0.557546404562236,0.527833368786232,0.513929775049149,0.0267763886085506,0.0274036923158078,0.0280187626204395,0.0362230216753888,0
25,"dammed","LBV",2023,250,4133.67,9400.87565957196,9407.935736575,17813.252279943,23700.439846921,29158.086364141,65.5969823340687,0.915921272873671,0.0206242175846899,1,1,0,0,1.11478853434112,"7",NA,NA,NA,NA,NA,NA,NA,NA,NA,NA,NA,NA,NA,1
25,"dammed","LBV",2023,250,4133.67,9400.87565957196,9407.935736575,17813.252279943,23700.439846921,29158.086364141,65.5969823340687,0.915921272873671,0.0206242175846899,1,1,0,0,1.11478853434112,"8",4817.81182508399,NA,NA,NA,NA,NA,NA,NA,NA,NA,NA,NA,NA,0
25,"undammed","LBV",2023,250,4131.0312,7308.44215674885,7310.579610187,13162.315106845,18625.273585769,23908.319474032,69.0966211699858,0.90563532130385,0.0183997468704043,0,0,0,0,0,"5",NA,NA,NA,NA,NA,NA,NA,NA,NA,NA,NA,NA,NA,1
25,"undammed","LBV",2023,250,4131.0312,7308.44215674885,7310.579610187,13162.315106845,18625.273585769,23908.319474032,69.0966211699858,0.90563532130385,0.0183997468704043,0,0,0,0,0,"6",4032.68014019658,3074.1628588209,8918.33092196595,13650.2886620316,17941.7751782586,0.506650032235404,0.46604476914197,0.438515970141198,0.430787022752605,0.0739149994343315,0.0640832199459925,0.0613662344424767,0.0688001791418776,0
25,"undammed","LBV",2023,250,4131.0312,7308.44215674885,7310.579610187,13162.315106845,18625.273585769,23908.319474032,69.0966211699858,0.90563532130385,0.0183997468704043,0,0,0,0,0,"7",NA,NA,NA,NA,NA,NA,NA,NA,NA,NA,NA,NA,NA,1
25,"undammed","LBV",2023,250,4131.0312,7308.44215674885,7310.579610187,13162.315106845,18625.273585769,23908.319474032,69.0966211699858,0.90563532130385,0.0183997468704043,0,0,0,0,0,"8",4451.04420355488,NA,NA,NA,NA,NA,NA,NA,NA,NA,NA,NA,NA,0
29,"dammed","LBV",2023,250,4130.256,6921.08155371621,6918.913556597,13042.878531543,17663.232467394,21758.687518544,61.5095353569806,0.904827974099469,0.0179532922773177,1,1,0,0,1.12538685212741,"5",NA,NA,NA,NA,NA,NA,NA,NA,NA,NA,NA,NA,NA,1
29,"dammed","LBV",2023,250,4130.256,6921.08155371621,6918.913556597,13042.878531543,17663.232467394,21758.687518544,61.5095353569806,0.904827974099469,0.0179532922773177,1,1,0,0,1.12538685212741,"6",2946.35771816174,3762.22180783141,8276.68539784749,11666.5677131503,14586.012915787,0.615516927381803,0.569045148708644,0.538072652376916,0.51079061837725,0.0313549819512424,0.046997933580405,0.0331986121913879,0.0367227723283342,0
29,"dammed","LBV",2023,250,4130.256,6921.08155371621,6918.913556597,13042.878531543,17663.232467394,21758.687518544,61.5095353569806,0.904827974099469,0.0179532922773177,1,1,0,0,1.12538685212741,"7",2836.7640613799,NA,NA,NA,NA,NA,NA,NA,NA,NA,NA,NA,NA,0
29,"dammed","LBV",2023,250,4130.256,6921.08155371621,6918.913556597,13042.878531543,17663.232467394,21758.687518544,61.5095353569806,0.904827974099469,0.0179532922773177,1,1,0,0,1.12538685212741,"8",3922.64305450355,NA,NA,NA,NA,NA,NA,NA,NA,NA,NA,NA,NA,0
29,"undammed","LBV",2023,250,4130.239,7810.65752410516,7814.35125626,14172.468064465,20074.537620195,25802.924965305,66.479017097567,0.902278827632418,0.0197569725084534,0,0,0,0,0,"5",NA,NA,NA,NA,NA,NA,NA,NA,NA,NA,NA,NA,NA,1
29,"undammed","LBV",2023,250,4130.239,7810.65752410516,7814.35125626,14172.468064465,20074.537620195,25802.924965305,66.479017097567,0.902278827632418,0.0197569725084534,0,0,0,0,0,"6",4770.73099985567,3120.73727013083,7847.36908332974,11685.6997685451,14765.0468209061,0.47405310089986,0.449734899103425,0.415998404814259,0.380470584230952,0.100367106655981,0.0662252384732016,0.0526974857064541,0.0472720052450013,0
29,"undammed","LBV",2023,250,4130.239,7810.65752410516,7814.35125626,14172.468064465,20074.537620195,25802.924965305,66.479017097567,0.902278827632418,0.0197569725084534,0,0,0,0,0,"7",5151.64280975683,NA,NA,NA,NA,NA,NA,NA,NA,NA,NA,NA,NA,0
29,"undammed","LBV",2023,250,4130.239,7810.65752410516,7814.35125626,14172.468064465,20074.537620195,25802.924965305,66.479017097567,0.902278827632418,0.0197569725084534,0,0,0,0,0,"8",4292.71857053041,NA,NA,NA,NA,NA,NA,NA,NA,NA,NA,NA,NA,0
30,"dammed","LBV",2023,250,4130.256,24791.5659303963,24793.500377793,30440.925753077,35658.72109641,40660.49253396,70.670492391953,0.905120848310883,0.0204135968709909,1,1,0,0,1.12784828416456,"5",NA,NA,NA,NA,NA,NA,NA,NA,NA,NA,NA,NA,NA,1
30,"dammed","LBV",2023,250,4130.256,24791.5659303963,24793.500377793,30440.925753077,35658.72109641,40660.49253396,70.670492391953,0.905120848310883,0.0204135968709909,1,1,0,0,1.12784828416456,"6",13815.5667950866,11306.1393059824,14668.8404502121,17142.6769280826,19815.066599169,0.445519007376831,0.41892876536867,0.401629249551091,0.372760911508701,0.0855777597546975,0.086849835213023,0.0868848745090726,0.0620270044462776,0
30,"dammed","LBV",2023,250,4130.256,24791.5659303963,24793.500377793,30440.925753077,35658.72109641,40660.49253396,70.670492391953,0.905120848310883,0.0204135968709909,1,1,0,0,1.12784828416456,"7",7806.38291072658,NA,NA,NA,NA,NA,NA,NA,NA,NA,NA,NA,NA,0
30,"dammed","LBV",2023,250,4130.256,24791.5659303963,24793.500377793,30440.925753077,35658.72109641,40660.49253396,70.670492391953,0.905120848310883,0.0204135968709909,1,1,0,0,1.12784828416456,"8",9614.54697860666,NA,NA,NA,NA,NA,NA,NA,NA,NA,NA,NA,NA,0
30,"undammed","LBV",2023,250,4128.392,13543.1636797749,13552.278919204,19515.00561293,23828.018387669,27483.152757499,66.0425672586528,0.907941259630602,0.018973240507263,0,0,0,0,0,"5",NA,NA,NA,NA,NA,NA,NA,NA,NA,NA,NA,NA,NA,1
30,"undammed","LBV",2023,250,4128.392,13543.1636797749,13552.278919204,19515.00561293,23828.018387669,27483.152757499,66.0425672586528,0.907941259630602,0.018973240507263,0,0,0,0,0,"6",5948.73168669168,6957.23310920865,10197.7258347455,12199.9874715468,13387.44112857,0.457704948230821,0.421640438742104,0.406989274793374,0.39892452135965,0.0794754771816686,0.0684296464439157,0.0649530061628288,0.0662311333107149,0
30,"undammed","LBV",2023,250,4128.392,13543.1636797749,13552.278919204,19515.00561293,23828.018387669,27483.152757499,66.0425672586528,0.907941259630602,0.018973240507263,0,0,0,0,0,"7",6466.99641484303,NA,NA,NA,NA,NA,NA,NA,NA,NA,NA,NA,NA,0
30,"undammed","LBV",2023,250,4128.392,13543.1636797749,13552.278919204,19515.00561293,23828.018387669,27483.152757499,66.0425672586528,0.907941259630602,0.018973240507263,0,0,0,0,0,"8",6280.15027298179,NA,NA,NA,NA,NA,NA,NA,NA,NA,NA,NA,NA,0
31,"dammed","LBV",2023,250,4112.8477,4850.96037154645,4870.973468849,10786.27936066,16066.717994202,21315.677917209,47.6779597076182,0.880494787035139,0.0237827210015077,1,1,0,0,1.16339373446757,"5",NA,NA,NA,NA,NA,NA,NA,NA,NA,NA,NA,NA,NA,1
31,"dammed","LBV",2023,250,4112.8477,4850.96037154645,4870.973468849,10786.27936066,16066.717994202,21315.677917209,47.6779597076182,0.880494787035139,0.0237827210015077,1,1,0,0,1.16339373446757,"6",1588.43207549745,3177.60341153612,7846.63611755371,12325.3275108188,16471.2548878688,0.469232206132532,0.454710014829522,0.420672322197479,0.3948411797893,0.0448497603068856,0.0386829322795583,0.0372800019310903,0.0402523595265565,0
31,"dammed","LBV",2023,250,4112.8477,4850.96037154645,4870.973468849,10786.27936066,16066.717994202,21315.677917209,47.6779597076182,0.880494787035139,0.0237827210015077,1,1,0,0,1.16339373446757,"7",NA,NA,NA,NA,NA,NA,NA,NA,NA,NA,NA,NA,NA,1
31,"dammed","LBV",2023,250,4112.8477,4850.96037154645,4870.973468849,10786.27936066,16066.717994202,21315.677917209,47.6779597076182,0.880494787035139,0.0237827210015077,1,1,0,0,1.16339373446757,"8",1212.68195980109,NA,NA,NA,NA,NA,NA,NA,NA,NA,NA,NA,NA,0
31,"undammed","LBV",2023,250,4108.3584,5306.60279841721,5319.018136149,10609.799351721,15871.450286565,21117.863665599,53.6798878726775,0.916419682354579,0.0204124015178751,0,0,0,0,0,"5",NA,NA,NA,NA,NA,NA,NA,NA,NA,NA,NA,NA,NA,1
31,"undammed","LBV",2023,250,4108.3584,5306.60279841721,5319.018136149,10609.799351721,15871.450286565,21117.863665599,53.6798878726775,0.916419682354579,0.0204124015178751,0,0,0,0,0,"6",2705.7296459032,2384.57149993298,6755.54742036707,11057.7716879452,13230.1145935956,0.460328872658654,0.407472324687548,0.357405334526847,0.339305645287574,0.0633263509656233,0.0446285399549931,0.0205082464093714,0.0255850386462616,0
31,"undammed","LBV",2023,250,4108.3584,5306.60279841721,5319.018136149,10609.799351721,15871.450286565,21117.863665599,53.6798878726775,0.916419682354579,0.0204124015178751,0,0,0,0,0,"7",NA,NA,NA,NA,NA,NA,NA,NA,NA,NA,NA,NA,NA,1
31,"undammed","LBV",2023,250,4108.3584,5306.60279841721,5319.018136149,10609.799351721,15871.450286565,21117.863665599,53.6798878726775,0.916419682354579,0.0204124015178751,0,0,0,0,0,"8",3900.4823352047,NA,NA,NA,NA,NA,NA,NA,NA,NA,NA,NA,NA,0
35,"dammed","LBV",2023,300,4106.4473,11063.7604731321,11069.701530909,19698.234473061,26457.375808828,32860.576019747,59.9495202283537,0.901828923455368,0.0192899756630508,2,2,0,0,2.26133664900074,"5",NA,NA,NA,NA,NA,NA,NA,NA,NA,NA,NA,NA,NA,1
35,"dammed","LBV",2023,300,4106.4473,11063.7604731321,11069.701530909,19698.234473061,26457.375808828,32860.576019747,59.9495202283537,0.901828923455368,0.0192899756630508,2,2,0,0,2.26133664900074,"6",3783.06381514914,6662.50432823032,12441.0164022707,16234.5748067519,18943.848971797,0.521512685123709,0.490869126126205,0.456949249287199,0.437140428221387,0.044052507885088,0.0505960921029967,0.0638917419378817,0.0745177817264165,0
35,"dammed","LBV",2023,300,4106.4473,11063.7604731321,11069.701530909,19698.234473061,26457.375808828,32860.576019747,59.9495202283537,0.901828923455368,0.0192899756630508,2,2,0,0,2.26133664900074,"7",NA,NA,NA,NA,NA,NA,NA,NA,NA,NA,NA,NA,NA,1
35,"dammed","LBV",2023,300,4106.4473,11063.7604731321,11069.701530909,19698.234473061,26457.375808828,32860.576019747,59.9495202283537,0.901828923455368,0.0192899756630508,2,2,0,0,2.26133664900074,"8",3368.93072159968,NA,NA,NA,NA,NA,NA,NA,NA,NA,NA,NA,NA,0
35,"undammed","LBV",2023,260,4106.5215,5850.74237895384,5869.770516394,11740.041134661,17279.345852602,22645.787060627,52.5706783503441,0.907419984017478,0.0190497806030703,0,0,0,0,0,"5",NA,NA,NA,NA,NA,NA,NA,NA,NA,NA,NA,NA,NA,1
35,"undammed","LBV",2023,260,4106.5215,5850.74237895384,5869.770516394,11740.041134661,17279.345852602,22645.787060627,52.5706783503441,0.907419984017478,0.0190497806030703,0,0,0,0,0,"6",1524.11689964813,3393.06982260311,7623.21006092745,10813.4007480098,13305.0708003624,0.484268496222969,0.467635441192228,0.438510298175529,0.420925530755694,0.0663377878946659,0.0704139184110474,0.0774314982032955,0.0797134994400454,0
35,"undammed","LBV",2023,260,4106.5215,5850.74237895384,5869.770516394,11740.041134661,17279.345852602,22645.787060627,52.5706783503441,0.907419984017478,0.0190497806030703,0,0,0,0,0,"7",NA,NA,NA,NA,NA,NA,NA,NA,NA,NA,NA,NA,NA,1
35,"undammed","LBV",2023,260,4106.5215,5850.74237895384,5869.770516394,11740.041134661,17279.345852602,22645.787060627,52.5706783503441,0.907419984017478,0.0190497806030703,0,0,0,0,0,"8",909.327127924386,NA,NA,NA,NA,NA,NA,NA,NA,NA,NA,NA,NA,0
38,"dammed","LBV",2023,250,3067.5098,11121.46124807,11112.878334284,18767.601657715,25129.724847437,31057.865913753,55.5893818298167,0.909090851309169,0.0210093348567187,1,1,0,0,1.12360629072486,"5",NA,NA,NA,NA,NA,NA,NA,NA,NA,NA,NA,NA,NA,1
38,"dammed","LBV",2023,250,3067.5098,11121.46124807,11112.878334284,18767.601657715,25129.724847437,31057.865913753,55.5893818298167,0.909090851309169,0.0210093348567187,1,1,0,0,1.12360629072486,"6",2310.29268312127,7652.50958533194,11207.0190909292,12907.5392675362,14418.3901105095,0.477197229153486,0.465395540978896,0.448147485290104,0.435726234792608,0.0641551546786274,0.0734792586844055,0.0755822748378762,0.0788200379824055,0
38,"dammed","LBV",2023,250,3067.5098,11121.46124807,11112.878334284,18767.601657715,25129.724847437,31057.865913753,55.5893818298167,0.909090851309169,0.0210093348567187,1,1,0,0,1.12360629072486,"7",NA,NA,NA,NA,NA,NA,NA,NA,NA,NA,NA,NA,NA,1
38,"dammed","LBV",2023,250,3067.5098,11121.46124807,11112.878334284,18767.601657715,25129.724847437,31057.865913753,55.5893818298167,0.909090851309169,0.0210093348567187,1,1,0,0,1.12360629072486,"8",2089.66507419722,NA,NA,NA,NA,NA,NA,NA,NA,NA,NA,NA,NA,0
38,"undammed","LBV",2023,250,3075.3398,5248.5665884912,5255.359425026,10544.94484844,15798.705870025,21031.30021469,57.2610374085659,0.900746310912881,0.020087730976864,0,0,0,0,0,"5",NA,NA,NA,NA,NA,NA,NA,NA,NA,NA,NA,NA,NA,1
38,"undammed","LBV",2023,250,3075.3398,5248.5665884912,5255.359425026,10544.94484844,15798.705870025,21031.30021469,57.2610374085659,0.900746310912881,0.020087730976864,0,0,0,0,0,"6",2946.68437011429,2354.04716608384,6590.13173379337,10191.6564791212,13255.5268721337,0.447734938146552,0.419079408521916,0.392811279994342,0.367810517434298,0.0845107506526109,0.0386318984171527,0.030462959395227,0.0346720918345703,0
38,"undammed","LBV",2023,250,3075.3398,5248.5665884912,5255.359425026,10544.94484844,15798.705870025,21031.30021469,57.2610374085659,0.900746310912881,0.020087730976864,0,0,0,0,0,"7",NA,NA,NA,NA,NA,NA,NA,NA,NA,NA,NA,NA,NA,1
38,"undammed","LBV",2023,250,3075.3398,5248.5665884912,5255.359425026,10544.94484844,15798.705870025,21031.30021469,57.2610374085659,0.900746310912881,0.020087730976864,0,0,0,0,0,"8",2118.89379668166,NA,NA,NA,NA,NA,NA,NA,NA,NA,NA,NA,NA,0
