"dam_km","dam_km_std"
4.52749930377596,0.499078550475722
4.52749930377596,0.499078550475722
4.52749930377596,0.499078550475722
4.52749930377596,0.499078550475722
0,-0.939641437061175
0,-0.939641437061175
0,-0.939641437061175
0,-0.939641437061175
4.51411103973632,0.494824112919832
4.51411103973632,0.494824112919832
4.51411103973632,0.494824112919832
4.51411103973632,0.494824112919832
0,-0.939641437061175
0,-0.939641437061175
0,-0.939641437061175
0,-0.939641437061175
4.5246262702304,0.498165576114045
4.5246262702304,0.498165576114045
4.5246262702304,0.498165576114045
4.5246262702304,0.498165576114045
0,-0.939641437061175
0,-0.939641437061175
0,-0.939641437061175
0,-0.939641437061175
4.53751846586224,0.502262376200418
4.53751846586224,0.502262376200418
4.53751846586224,0.502262376200418
4.53751846586224,0.502262376200418
0,-0.939641437061175
0,-0.939641437061175
0,-0.939641437061175
0,-0.939641437061175
4.6110136021978,0.525617194067432
4.6110136021978,0.525617194067432
4.6110136021978,0.525617194067432
4.6110136021978,0.525617194067432
0,-0.939641437061175
0,-0.939641437061175
0,-0.939641437061175
0,-0.939641437061175
4.60843065886992,0.524796402733594
4.60843065886992,0.524796402733594
4.60843065886992,0.524796402733594
4.60843065886992,0.524796402733594
0,-0.939641437061175
0,-0.939641437061175
0,-0.939641437061175
0,-0.939641437061175
6.62342532063447,1.16510861487309
6.62342532063447,1.16510861487309
6.62342532063447,1.16510861487309
6.62342532063447,1.16510861487309
0,-0.939641437061175
0,-0.939641437061175
0,-0.939641437061175
0,-0.939641437061175
5.42239377210264,0.783452433701728
5.42239377210264,0.783452433701728
5.42239377210264,0.783452433701728
5.42239377210264,0.783452433701728
0,-0.939641437061175
0,-0.939641437061175
0,-0.939641437061175
0,-0.939641437061175
8.73534675971485,1.83622160300288
8.73534675971485,1.83622160300288
8.73534675971485,1.83622160300288
8.73534675971485,1.83622160300288
0,-0.939641437061175
0,-0.939641437061175
0,-0.939641437061175
0,-0.939641437061175
4.54123623459076,0.503443785146036
4.54123623459076,0.503443785146036
4.54123623459076,0.503443785146036
4.54123623459076,0.503443785146036
0,-0.939641437061175
0,-0.939641437061175
0,-0.939641437061175
0,-0.939641437061175
7.67860080855333,1.50041558301812
7.67860080855333,1.50041558301812
7.67860080855333,1.50041558301812
7.67860080855333,1.50041558301812
1.55272952475167,-0.446224905636029
1.55272952475167,-0.446224905636029
1.55272952475167,-0.446224905636029
1.55272952475167,-0.446224905636029
6.11807576188857,1.00452184012653
6.11807576188857,1.00452184012653
6.11807576188857,1.00452184012653
6.11807576188857,1.00452184012653
0,-0.939641437061175
0,-0.939641437061175
0,-0.939641437061175
0,-0.939641437061175
4.63679559133588,0.533810030907954
4.63679559133588,0.533810030907954
4.63679559133588,0.533810030907954
4.63679559133588,0.533810030907954
0,-0.939641437061175
0,-0.939641437061175
0,-0.939641437061175
0,-0.939641437061175
4.54243961185456,0.503826186733714
4.54243961185456,0.503826186733714
4.54243961185456,0.503826186733714
4.54243961185456,0.503826186733714
0,-0.939641437061175
0,-0.939641437061175
0,-0.939641437061175
0,-0.939641437061175
4.53784247007128,0.502365336201141
4.53784247007128,0.502365336201141
4.53784247007128,0.502365336201141
4.53784247007128,0.502365336201141
0,-0.939641437061175
0,-0.939641437061175
0,-0.939641437061175
0,-0.939641437061175
5.70614920768145,0.873622434699627
5.70614920768145,0.873622434699627
5.70614920768145,0.873622434699627
5.70614920768145,0.873622434699627
0,-0.939641437061175
0,-0.939641437061175
0,-0.939641437061175
0,-0.939641437061175
4.90484262062479,0.618988314274273
4.90484262062479,0.618988314274273
4.90484262062479,0.618988314274273
4.90484262062479,0.618988314274273
0,-0.939641437061175
0,-0.939641437061175
0,-0.939641437061175
0,-0.939641437061175
4.91374391455876,0.621816910953916
4.91374391455876,0.621816910953916
4.91374391455876,0.621816910953916
4.91374391455876,0.621816910953916
0,-0.939641437061175
0,-0.939641437061175
0,-0.939641437061175
0,-0.939641437061175
4.93191815878181,0.6275922069104
4.93191815878181,0.6275922069104
4.93191815878181,0.6275922069104
4.93191815878181,0.6275922069104
0,-0.939641437061175
0,-0.939641437061175
0,-0.939641437061175
0,-0.939641437061175
4.53615257891196,0.501828333316205
4.53615257891196,0.501828333316205
4.53615257891196,0.501828333316205
4.53615257891196,0.501828333316205
0,-0.939641437061175
0,-0.939641437061175
0,-0.939641437061175
0,-0.939641437061175
5.42531964823707,0.784382200045843
5.42531964823707,0.784382200045843
5.42531964823707,0.784382200045843
5.42531964823707,0.784382200045843
0,-0.939641437061175
0,-0.939641437061175
0,-0.939641437061175
0,-0.939641437061175
7.97108902823957,1.59336063271271
7.97108902823957,1.59336063271271
7.97108902823957,1.59336063271271
7.97108902823957,1.59336063271271
0,-0.939641437061175
0,-0.939641437061175
0,-0.939641437061175
0,-0.939641437061175
9.89934102497054,2.20610831141275
9.89934102497054,2.20610831141275
9.89934102497054,2.20610831141275
9.89934102497054,2.20610831141275
0,-0.939641437061175
0,-0.939641437061175
0,-0.939641437061175
4.57459671263176,0.51404486608079
4.57459671263176,0.51404486608079
4.57459671263176,0.51404486608079
4.57459671263176,0.51404486608079
0,-0.939641437061175
0,-0.939641437061175
0,-0.939641437061175
5.90989102892032,0.938366217270517
5.90989102892032,0.938366217270517
5.90989102892032,0.938366217270517
5.90989102892032,0.938366217270517
0,-0.939641437061175
0,-0.939641437061175
0,-0.939641437061175
0,-0.939641437061175
6.68746714969894,1.18545942076645
6.68746714969894,1.18545942076645
6.68746714969894,1.18545942076645
6.68746714969894,1.18545942076645
2.23284384252986,-0.230102495196025
2.23284384252986,-0.230102495196025
2.23284384252986,-0.230102495196025
2.23284384252986,-0.230102495196025
4.49033096109496,0.487267430488542
4.49033096109496,0.487267430488542
4.49033096109496,0.487267430488542
4.49033096109496,0.487267430488542
0,-0.939641437061175
0,-0.939641437061175
0,-0.939641437061175
0,-0.939641437061175
4.9910505271434,0.646382915547564
4.9910505271434,0.646382915547564
4.9910505271434,0.646382915547564
4.9910505271434,0.646382915547564
1.66483607941184,-0.410600396364662
1.66483607941184,-0.410600396364662
1.66483607941184,-0.410600396364662
1.66483607941184,-0.410600396364662
4.42467549036168,0.466403851789295
4.42467549036168,0.466403851789295
4.42467549036168,0.466403851789295
4.42467549036168,0.466403851789295
0,-0.939641437061175
0,-0.939641437061175
0,-0.939641437061175
0,-0.939641437061175
8.40498213841055,1.73124043084695
8.40498213841055,1.73124043084695
8.40498213841055,1.73124043084695
8.40498213841055,1.73124043084695
0,-0.939641437061175
0,-0.939641437061175
0,-0.939641437061175
0,-0.939641437061175
4.45039695158036,0.47457745445183
4.45039695158036,0.47457745445183
4.45039695158036,0.47457745445183
4.45039695158036,0.47457745445183
0,-0.939641437061175
0,-0.939641437061175
0,-0.939641437061175
0,-0.939641437061175
4.40560783172524,0.460344652272048
4.40560783172524,0.460344652272048
4.40560783172524,0.460344652272048
4.40560783172524,0.460344652272048
0,-0.939641437061175
0,-0.939641437061175
0,-0.939641437061175
0,-0.939641437061175
4.45285279333628,0.47535785625499
4.45285279333628,0.47535785625499
4.45285279333628,0.47535785625499
4.45285279333628,0.47535785625499
0,-0.939641437061175
0,-0.939641437061175
0,-0.939641437061175
0,-0.939641437061175
5.06769942055752,0.670739914318498
5.06769942055752,0.670739914318498
5.06769942055752,0.670739914318498
5.06769942055752,0.670739914318498
0,-0.939641437061175
0,-0.939641437061175
0,-0.939641437061175
7.95076296785167,1.5869015462754
7.95076296785167,1.5869015462754
7.95076296785167,1.5869015462754
0,-0.939641437061175
0,-0.939641437061175
0,-0.939641437061175
4.45417931729548,0.475779390617779
4.45417931729548,0.475779390617779
4.45417931729548,0.475779390617779
0,-0.939641437061175
0,-0.939641437061175
0,-0.939641437061175
4.47133519355588,0.481231076067838
4.47133519355588,0.481231076067838
4.47133519355588,0.481231076067838
4.47133519355588,0.481231076067838
0,-0.939641437061175
0,-0.939641437061175
0,-0.939641437061175
0,-0.939641437061175
4.50549464758212,0.492086050519168
4.50549464758212,0.492086050519168
4.50549464758212,0.492086050519168
0,-0.939641437061175
0,-0.939641437061175
0,-0.939641437061175
4.49065582679332,0.487370664247872
4.49065582679332,0.487370664247872
4.49065582679332,0.487370664247872
0,-0.939641437061175
0,-0.939641437061175
0,-0.939641437061175
8.26213188274363,1.68584638343509
8.26213188274363,1.68584638343509
8.26213188274363,1.68584638343509
0,-0.939641437061175
0,-0.939641437061175
0,-0.939641437061175
0,-0.939641437061175
4.66587918662228,0.543052031191218
4.66587918662228,0.543052031191218
4.66587918662228,0.543052031191218
0,-0.939641437061175
0,-0.939641437061175
0,-0.939641437061175
4.47385089756876,0.482030500519
4.47385089756876,0.482030500519
4.47385089756876,0.482030500519
0,-0.939641437061175
0,-0.939641437061175
0,-0.939641437061175
4.495275997725,0.488838832837032
4.495275997725,0.488838832837032
4.495275997725,0.488838832837032
0,-0.939641437061175
0,-0.939641437061175
0,-0.939641437061175
4.44365018312256,0.472433509200767
4.44365018312256,0.472433509200767
4.44365018312256,0.472433509200767
0,-0.939641437061175
0,-0.939641437061175
0,-0.939641437061175
4.49157507848632,0.487662778215332
4.49157507848632,0.487662778215332
4.49157507848632,0.487662778215332
4.49157507848632,0.487662778215332
0,-0.939641437061175
0,-0.939641437061175
0,-0.939641437061175
0,-0.939641437061175
4.50905110823524,0.493216200008592
4.50905110823524,0.493216200008592
4.50905110823524,0.493216200008592
4.50905110823524,0.493216200008592
0,-0.939641437061175
0,-0.939641437061175
0,-0.939641437061175
4.80140503959596,0.586118576411579
4.80140503959596,0.586118576411579
4.80140503959596,0.586118576411579
0,-0.939641437061175
0,-0.939641437061175
0,-0.939641437061175
4.49359242768604,0.488303838637596
4.49359242768604,0.488303838637596
4.49359242768604,0.488303838637596
0,-0.939641437061175
0,-0.939641437061175
0,-0.939641437061175
4.47375022600228,0.481998509747682
4.47375022600228,0.481998509747682
4.47375022600228,0.481998509747682
0,-0.939641437061175
0,-0.939641437061175
0,-0.939641437061175
4.52891139285196,0.499527275178149
4.52891139285196,0.499527275178149
4.52891139285196,0.499527275178149
0,-0.939641437061175
0,-0.939641437061175
0,-0.939641437061175
4.5076729810512,0.492778267500597
4.5076729810512,0.492778267500597
4.5076729810512,0.492778267500597
0,-0.939641437061175
0,-0.939641437061175
0,-0.939641437061175
4.52512367928912,0.4983236396071
4.52512367928912,0.4983236396071
4.52512367928912,0.4983236396071
0,-0.939641437061175
0,-0.939641437061175
0,-0.939641437061175
5.83696902879382,0.915193526989668
5.83696902879382,0.915193526989668
5.83696902879382,0.915193526989668
0,-0.939641437061175
0,-0.939641437061175
0,-0.939641437061175
6.06678841537953,0.98822407273234
6.06678841537953,0.98822407273234
6.06678841537953,0.98822407273234
6.06678841537953,0.98822407273234
0,-0.939641437061175
0,-0.939641437061175
0,-0.939641437061175
0,-0.939641437061175
5.01488597041996,0.653957191401163
5.01488597041996,0.653957191401163
5.01488597041996,0.653957191401163
5.01488597041996,0.653957191401163
0,-0.939641437061175
0,-0.939641437061175
0,-0.939641437061175
0,-0.939641437061175
4.53573141053888,0.501694497104245
4.53573141053888,0.501694497104245
4.53573141053888,0.501694497104245
4.53573141053888,0.501694497104245
0,-0.939641437061175
0,-0.939641437061175
0,-0.939641437061175
0,-0.939641437061175
5.52715321425954,0.816742224202333
5.52715321425954,0.816742224202333
5.52715321425954,0.816742224202333
0,-0.939641437061175
0,-0.939641437061175
0,-0.939641437061175
4.52882864932144,0.499500981464288
4.52882864932144,0.499500981464288
4.52882864932144,0.499500981464288
4.52882864932144,0.499500981464288
0,-0.939641437061175
0,-0.939641437061175
0,-0.939641437061175
0,-0.939641437061175
4.49938770707956,0.490145425734001
4.49938770707956,0.490145425734001
4.49938770707956,0.490145425734001
4.49938770707956,0.490145425734001
0,-0.939641437061175
0,-0.939641437061175
0,-0.939641437061175
0,-0.939641437061175
4.52386080983936,0.497922332970233
4.52386080983936,0.497922332970233
4.52386080983936,0.497922332970233
4.52386080983936,0.497922332970233
0,-0.939641437061175
0,-0.939641437061175
0,-0.939641437061175
0,-0.939641437061175
4.531932450597,0.500487287730259
4.531932450597,0.500487287730259
4.531932450597,0.500487287730259
4.531932450597,0.500487287730259
0,-0.939641437061175
0,-0.939641437061175
0,-0.939641437061175
0,-0.939641437061175
4.5277412527162,0.499155435474025
4.5277412527162,0.499155435474025
4.5277412527162,0.499155435474025
4.5277412527162,0.499155435474025
0,-0.939641437061175
0,-0.939641437061175
0,-0.939641437061175
0,-0.939641437061175
8.79312616155746,1.85458237452847
8.79312616155746,1.85458237452847
8.79312616155746,1.85458237452847
8.79312616155746,1.85458237452847
0,-0.939641437061175
0,-0.939641437061175
0,-0.939641437061175
0,-0.939641437061175
7.70414336347217,1.50853233397242
7.70414336347217,1.50853233397242
7.70414336347217,1.50853233397242
7.70414336347217,1.50853233397242
0,-0.939641437061175
0,-0.939641437061175
0,-0.939641437061175
0,-0.939641437061175
4.6328672763392,0.532561715905818
4.6328672763392,0.532561715905818
4.6328672763392,0.532561715905818
4.6328672763392,0.532561715905818
0,-0.939641437061175
0,-0.939641437061175
0,-0.939641437061175
0,-0.939641437061175
4.6554853434818,0.539749141699649
4.6554853434818,0.539749141699649
4.6554853434818,0.539749141699649
4.6554853434818,0.539749141699649
0,-0.939641437061175
0,-0.939641437061175
0,-0.939641437061175
0,-0.939641437061175
6.37465833811319,1.08605702237608
6.37465833811319,1.08605702237608
6.37465833811319,1.08605702237608
6.37465833811319,1.08605702237608
0,-0.939641437061175
0,-0.939641437061175
0,-0.939641437061175
0,-0.939641437061175
4.64789628147228,0.537337537750721
4.64789628147228,0.537337537750721
4.64789628147228,0.537337537750721
4.64789628147228,0.537337537750721
0,-0.939641437061175
0,-0.939641437061175
0,-0.939641437061175
0,-0.939641437061175
4.5601244556484,0.509445964128588
4.5601244556484,0.509445964128588
4.5601244556484,0.509445964128588
4.5601244556484,0.509445964128588
0,-0.939641437061175
0,-0.939641437061175
0,-0.939641437061175
0,-0.939641437061175
4.58576902977096,0.517595134097809
4.58576902977096,0.517595134097809
4.58576902977096,0.517595134097809
4.58576902977096,0.517595134097809
0,-0.939641437061175
0,-0.939641437061175
0,-0.939641437061175
0,-0.939641437061175
4.80223848946696,0.586383424820726
4.80223848946696,0.586383424820726
4.80223848946696,0.586383424820726
4.80223848946696,0.586383424820726
0,-0.939641437061175
0,-0.939641437061175
0,-0.939641437061175
0,-0.939641437061175
4.54973681583788,0.506145045891833
4.54973681583788,0.506145045891833
4.54973681583788,0.506145045891833
4.54973681583788,0.506145045891833
0,-0.939641437061175
0,-0.939641437061175
0,-0.939641437061175
0,-0.939641437061175
6.4158710755012,1.09915334443885
6.4158710755012,1.09915334443885
6.4158710755012,1.09915334443885
6.4158710755012,1.09915334443885
0,-0.939641437061175
0,-0.939641437061175
0,-0.939641437061175
0,-0.939641437061175
6.69621349287356,1.18823877817744
6.69621349287356,1.18823877817744
6.69621349287356,1.18823877817744
6.69621349287356,1.18823877817744
0,-0.939641437061175
0,-0.939641437061175
0,-0.939641437061175
0,-0.939641437061175
11.9355573975033,2.85316422408171
11.9355573975033,2.85316422408171
11.9355573975033,2.85316422408171
11.9355573975033,2.85316422408171
0,-0.939641437061175
0,-0.939641437061175
0,-0.939641437061175
0,-0.939641437061175
5.00158381627324,0.64973011730041
5.00158381627324,0.64973011730041
5.00158381627324,0.64973011730041
5.00158381627324,0.64973011730041
0,-0.939641437061175
0,-0.939641437061175
0,-0.939641437061175
0,-0.939641437061175
4.49320165500724,0.488179661376408
4.49320165500724,0.488179661376408
4.49320165500724,0.488179661376408
4.49320165500724,0.488179661376408
0,-0.939641437061175
0,-0.939641437061175
0,-0.939641437061175
0,-0.939641437061175
4.5278261342314,0.499182408583085
4.5278261342314,0.499182408583085
4.5278261342314,0.499182408583085
4.5278261342314,0.499182408583085
0,-0.939641437061175
0,-0.939641437061175
0,-0.939641437061175
0,-0.939641437061175
7.80420947871383,1.54033070883981
7.80420947871383,1.54033070883981
7.80420947871383,1.54033070883981
7.80420947871383,1.54033070883981
0,-0.939641437061175
0,-0.939641437061175
0,-0.939641437061175
0,-0.939641437061175
5.24058926891281,0.725679752799209
5.24058926891281,0.725679752799209
5.24058926891281,0.725679752799209
5.24058926891281,0.725679752799209
0,-0.939641437061175
0,-0.939641437061175
0,-0.939641437061175
0,-0.939641437061175
4.46521901538736,0.479287515795825
4.46521901538736,0.479287515795825
4.46521901538736,0.479287515795825
4.46521901538736,0.479287515795825
0,-0.939641437061175
0,-0.939641437061175
0,-0.939641437061175
0,-0.939641437061175
4.45483704216564,0.475988398251687
4.45483704216564,0.475988398251687
4.45483704216564,0.475988398251687
0,-0.939641437061175
0,-0.939641437061175
0,-0.939641437061175
7.83848042180161,1.55122111157737
7.83848042180161,1.55122111157737
7.83848042180161,1.55122111157737
0,-0.939641437061175
0,-0.939641437061175
0,-0.939641437061175
7.2094017153311,1.35131647371732
7.2094017153311,1.35131647371732
7.2094017153311,1.35131647371732
0,-0.939641437061175
0,-0.939641437061175
0,-0.939641437061175
8.60923387064292,1.79614624969637
8.60923387064292,1.79614624969637
8.60923387064292,1.79614624969637
0,-0.939641437061175
0,-0.939641437061175
0,-0.939641437061175
6.95651533386556,1.27095584477433
6.95651533386556,1.27095584477433
6.95651533386556,1.27095584477433
0,-0.939641437061175
0,-0.939641437061175
0,-0.939641437061175
4.5665737829558,0.511495390419076
4.5665737829558,0.511495390419076
4.5665737829558,0.511495390419076
0,-0.939641437061175
0,-0.939641437061175
0,-0.939641437061175
4.45038641600016,0.474574106522036
4.45038641600016,0.474574106522036
4.45038641600016,0.474574106522036
0,-0.939641437061175
0,-0.939641437061175
0,-0.939641437061175
4.48388110517184,0.485217836217906
4.48388110517184,0.485217836217906
4.48388110517184,0.485217836217906
0,-0.939641437061175
0,-0.939641437061175
0,-0.939641437061175
17.3814541734187,4.58372673019576
17.3814541734187,4.58372673019576
17.3814541734187,4.58372673019576
0,-0.939641437061175
0,-0.939641437061175
0,-0.939641437061175
5.17480282646714,0.704774554740625
5.17480282646714,0.704774554740625
5.17480282646714,0.704774554740625
0,-0.939641437061175
0,-0.939641437061175
0,-0.939641437061175
4.55566876935476,0.508030064423533
4.55566876935476,0.508030064423533
4.55566876935476,0.508030064423533
4.55566876935476,0.508030064423533
0,-0.939641437061175
0,-0.939641437061175
0,-0.939641437061175
0,-0.939641437061175
7.380290035285,1.40562027920862
7.380290035285,1.40562027920862
7.380290035285,1.40562027920862
7.380290035285,1.40562027920862
0,-0.939641437061175
0,-0.939641437061175
0,-0.939641437061175
0,-0.939641437061175
8.79579711531138,1.85543113325679
8.79579711531138,1.85543113325679
8.79579711531138,1.85543113325679
8.79579711531138,1.85543113325679
0,-0.939641437061175
0,-0.939641437061175
0,-0.939641437061175
0,-0.939641437061175
4.72725632405268,0.562556068292951
4.72725632405268,0.562556068292951
4.72725632405268,0.562556068292951
4.72725632405268,0.562556068292951
0,-0.939641437061175
0,-0.939641437061175
0,-0.939641437061175
0,-0.939641437061175
9.30164083744362,2.01617494010724
9.30164083744362,2.01617494010724
9.30164083744362,2.01617494010724
9.30164083744362,2.01617494010724
0,-0.939641437061175
0,-0.939641437061175
0,-0.939641437061175
0,-0.939641437061175
10.8093174580449,2.49527484565379
10.8093174580449,2.49527484565379
10.8093174580449,2.49527484565379
10.8093174580449,2.49527484565379
0,-0.939641437061175
0,-0.939641437061175
0,-0.939641437061175
0,-0.939641437061175
8.79076829757349,1.8538331074797
8.79076829757349,1.8538331074797
8.79076829757349,1.8538331074797
8.79076829757349,1.8538331074797
0,-0.939641437061175
0,-0.939641437061175
0,-0.939641437061175
0,-0.939641437061175
5.69039086344802,0.868614848105366
5.69039086344802,0.868614848105366
5.69039086344802,0.868614848105366
5.69039086344802,0.868614848105366
0,-0.939641437061175
0,-0.939641437061175
0,-0.939641437061175
0,-0.939641437061175
4.62363763248008,0.529628778271374
4.62363763248008,0.529628778271374
4.62363763248008,0.529628778271374
4.62363763248008,0.529628778271374
0,-0.939641437061175
0,-0.939641437061175
0,-0.939641437061175
0,-0.939641437061175
15.172016756719,3.88162573374356
15.172016756719,3.88162573374356
15.172016756719,3.88162573374356
15.172016756719,3.88162573374356
0,-0.939641437061175
0,-0.939641437061175
0,-0.939641437061175
0,-0.939641437061175
10.237604571397,2.31359955385049
10.237604571397,2.31359955385049
10.237604571397,2.31359955385049
10.237604571397,2.31359955385049
2.16843770930733,-0.250569067352081
2.16843770930733,-0.250569067352081
2.16843770930733,-0.250569067352081
2.16843770930733,-0.250569067352081
4.68509322949748,0.549157747762591
4.68509322949748,0.549157747762591
4.68509322949748,0.549157747762591
4.68509322949748,0.549157747762591
0,-0.939641437061175
0,-0.939641437061175
0,-0.939641437061175
0,-0.939641437061175
4.60607654422764,0.524048327126828
4.60607654422764,0.524048327126828
4.60607654422764,0.524048327126828
4.60607654422764,0.524048327126828
0,-0.939641437061175
0,-0.939641437061175
0,-0.939641437061175
0,-0.939641437061175
4.628718649241,0.531243391522634
4.628718649241,0.531243391522634
4.628718649241,0.531243391522634
4.628718649241,0.531243391522634
0,-0.939641437061175
0,-0.939641437061175
0,-0.939641437061175
0,-0.939641437061175
8.67946189348875,1.81846286497872
8.67946189348875,1.81846286497872
8.67946189348875,1.81846286497872
8.67946189348875,1.81846286497872
0,-0.939641437061175
0,-0.939641437061175
0,-0.939641437061175
0,-0.939641437061175
4.69354867134488,0.551844664396496
4.69354867134488,0.551844664396496
4.69354867134488,0.551844664396496
4.69354867134488,0.551844664396496
4.50835186362008,0.492993998493692
4.50835186362008,0.492993998493692
4.50835186362008,0.492993998493692
4.50835186362008,0.492993998493692
10.0622498941483,2.25787645769112
10.0622498941483,2.25787645769112
10.0622498941483,2.25787645769112
10.0622498941483,2.25787645769112
0,-0.939641437061175
0,-0.939641437061175
0,-0.939641437061175
0,-0.939641437061175
5.3425456396764,0.75807880106675
5.3425456396764,0.75807880106675
5.3425456396764,0.75807880106675
5.3425456396764,0.75807880106675
0,-0.939641437061175
0,-0.939641437061175
0,-0.939641437061175
0,-0.939641437061175
12.8227941942707,3.13510470105159
12.8227941942707,3.13510470105159
12.8227941942707,3.13510470105159
12.8227941942707,3.13510470105159
0,-0.939641437061175
0,-0.939641437061175
0,-0.939641437061175
0,-0.939641437061175
8.64114436252995,1.80628656323583
8.64114436252995,1.80628656323583
8.64114436252995,1.80628656323583
8.64114436252995,1.80628656323583
0,-0.939641437061175
0,-0.939641437061175
0,-0.939641437061175
0,-0.939641437061175
6.08815171830468,0.995012767518573
6.08815171830468,0.995012767518573
6.08815171830468,0.995012767518573
6.08815171830468,0.995012767518573
6.16033588517857,1.01795099383228
6.16033588517857,1.01795099383228
6.16033588517857,1.01795099383228
6.16033588517857,1.01795099383228
4.47822671110436,0.483421018766049
4.47822671110436,0.483421018766049
4.47822671110436,0.483421018766049
4.47822671110436,0.483421018766049
0,-0.939641437061175
0,-0.939641437061175
0,-0.939641437061175
0,-0.939641437061175
4.53502230998844,0.501469163632798
4.53502230998844,0.501469163632798
4.53502230998844,0.501469163632798
4.53502230998844,0.501469163632798
0,-0.939641437061175
0,-0.939641437061175
0,-0.939641437061175
0,-0.939641437061175
4.69891800469148,0.553550897062078
4.69891800469148,0.553550897062078
4.69891800469148,0.553550897062078
4.69891800469148,0.553550897062078
0,-0.939641437061175
0,-0.939641437061175
0,-0.939641437061175
0,-0.939641437061175
4.52287446460444,0.497608898442941
4.52287446460444,0.497608898442941
4.52287446460444,0.497608898442941
4.52287446460444,0.497608898442941
0,-0.939641437061175
0,-0.939641437061175
0,-0.939641437061175
0,-0.939641437061175
6.62392192865958,1.16526642381877
6.62392192865958,1.16526642381877
6.62392192865958,1.16526642381877
6.62392192865958,1.16526642381877
0,-0.939641437061175
0,-0.939641437061175
0,-0.939641437061175
0,-0.939641437061175
4.50950243251232,0.493359618972291
4.50950243251232,0.493359618972291
4.50950243251232,0.493359618972291
4.50950243251232,0.493359618972291
0,-0.939641437061175
0,-0.939641437061175
0,-0.939641437061175
0,-0.939641437061175
4.58256538235536,0.516577099359294
4.58256538235536,0.516577099359294
4.58256538235536,0.516577099359294
4.58256538235536,0.516577099359294
0,-0.939641437061175
0,-0.939641437061175
0,-0.939641437061175
0,-0.939641437061175
4.54243461861488,0.503824600013707
4.54243461861488,0.503824600013707
4.54243461861488,0.503824600013707
4.54243461861488,0.503824600013707
0,-0.939641437061175
0,-0.939641437061175
0,-0.939641437061175
0,-0.939641437061175
4.80799524577948,0.588212770297002
4.80799524577948,0.588212770297002
4.80799524577948,0.588212770297002
4.80799524577948,0.588212770297002
0,-0.939641437061175
0,-0.939641437061175
0,-0.939641437061175
0,-0.939641437061175
9.4291389278278,2.0566904738933
9.4291389278278,2.0566904738933
9.4291389278278,2.0566904738933
9.4291389278278,2.0566904738933
0,-0.939641437061175
0,-0.939641437061175
0,-0.939641437061175
0,-0.939641437061175
4.98956113991952,0.645909627530402
4.98956113991952,0.645909627530402
4.98956113991952,0.645909627530402
4.98956113991952,0.645909627530402
0,-0.939641437061175
0,-0.939641437061175
0,-0.939641437061175
0,-0.939641437061175
6.81902554008227,1.22726521091087
6.81902554008227,1.22726521091087
6.81902554008227,1.22726521091087
6.81902554008227,1.22726521091087
2.20279714111892,-0.239650545229609
2.20279714111892,-0.239650545229609
2.20279714111892,-0.239650545229609
2.20279714111892,-0.239650545229609
5.63581685127715,0.851272664961387
5.63581685127715,0.851272664961387
5.63581685127715,0.851272664961387
5.63581685127715,0.851272664961387
0,-0.939641437061175
0,-0.939641437061175
0,-0.939641437061175
0,-0.939641437061175
4.48062294514052,0.484182478806422
4.48062294514052,0.484182478806422
4.48062294514052,0.484182478806422
4.48062294514052,0.484182478806422
0,-0.939641437061175
0,-0.939641437061175
0,-0.939641437061175
0,-0.939641437061175
10.1793994467519,2.29510349883527
10.1793994467519,2.29510349883527
10.1793994467519,2.29510349883527
10.1793994467519,2.29510349883527
0,-0.939641437061175
0,-0.939641437061175
0,-0.939641437061175
0,-0.939641437061175
4.53174194928944,0.500426751434072
4.53174194928944,0.500426751434072
4.53174194928944,0.500426751434072
4.53174194928944,0.500426751434072
0,-0.939641437061175
0,-0.939641437061175
0,-0.939641437061175
0,-0.939641437061175
4.57426718521812,0.513940150951171
4.57426718521812,0.513940150951171
4.57426718521812,0.513940150951171
4.57426718521812,0.513940150951171
0,-0.939641437061175
0,-0.939641437061175
0,-0.939641437061175
0,-0.939641437061175
9.03857722281993,1.9325802546178
9.03857722281993,1.9325802546178
9.03857722281993,1.9325802546178
9.03857722281993,1.9325802546178
3.84401467125172,0.28188514281096
3.84401467125172,0.28188514281096
3.84401467125172,0.28188514281096
3.84401467125172,0.28188514281096
7.51330077105594,1.44788758645062
7.51330077105594,1.44788758645062
7.51330077105594,1.44788758645062
7.51330077105594,1.44788758645062
0,-0.939641437061175
0,-0.939641437061175
0,-0.939641437061175
0,-0.939641437061175
4.53333305778172,0.500932363790163
4.53333305778172,0.500932363790163
4.53333305778172,0.500932363790163
4.53333305778172,0.500932363790163
0,-0.939641437061175
0,-0.939641437061175
0,-0.939641437061175
0,-0.939641437061175
4.5839657865476,0.517022110913537
4.5839657865476,0.517022110913537
4.5839657865476,0.517022110913537
0,-0.939641437061175
0,-0.939641437061175
0,-0.939641437061175
0,-0.939641437061175
4.50879902859372,0.493136095740348
4.50879902859372,0.493136095740348
4.50879902859372,0.493136095740348
4.50879902859372,0.493136095740348
0,-0.939641437061175
0,-0.939641437061175
0,-0.939641437061175
9.65017615072074,2.12693027940813
9.65017615072074,2.12693027940813
9.65017615072074,2.12693027940813
0,-0.939641437061175
0,-0.939641437061175
0,-0.939641437061175
6.68319094644306,1.18410055604175
6.68319094644306,1.18410055604175
6.68319094644306,1.18410055604175
0,-0.939641437061175
0,-0.939641437061175
0,-0.939641437061175
8.25711904778248,1.68425343656334
8.25711904778248,1.68425343656334
8.25711904778248,1.68425343656334
2.39379735816487,-0.178955708753607
2.39379735816487,-0.178955708753607
2.39379735816487,-0.178955708753607
4.89228135731348,0.614996675759912
4.89228135731348,0.614996675759912
4.89228135731348,0.614996675759912
0,-0.939641437061175
0,-0.939641437061175
0,-0.939641437061175
4.69163863389496,0.551237704820853
4.69163863389496,0.551237704820853
4.69163863389496,0.551237704820853
0,-0.939641437061175
0,-0.939641437061175
0,-0.939641437061175
4.64175716097736,0.535386687011865
4.64175716097736,0.535386687011865
4.64175716097736,0.535386687011865
0,-0.939641437061175
0,-0.939641437061175
0,-0.939641437061175
6.98897081564715,1.28126934174282
6.98897081564715,1.28126934174282
6.98897081564715,1.28126934174282
6.98897081564715,1.28126934174282
0,-0.939641437061175
0,-0.939641437061175
0,-0.939641437061175
0,-0.939641437061175
11.2332177918428,2.62997920274778
11.2332177918428,2.62997920274778
11.2332177918428,2.62997920274778
11.2332177918428,2.62997920274778
0,-0.939641437061175
0,-0.939641437061175
0,-0.939641437061175
0,-0.939641437061175
7.36670996346785,1.40130489019482
7.36670996346785,1.40130489019482
7.36670996346785,1.40130489019482
7.36670996346785,1.40130489019482
1.813871840325,-0.363240758362131
1.813871840325,-0.363240758362131
1.813871840325,-0.363240758362131
7.68934098415391,1.50382852784029
7.68934098415391,1.50382852784029
7.68934098415391,1.50382852784029
7.68934098415391,1.50382852784029
0,-0.939641437061175
0,-0.939641437061175
0,-0.939641437061175
6.05993104872119,0.986044982287206
6.05993104872119,0.986044982287206
6.05993104872119,0.986044982287206
6.05993104872119,0.986044982287206
0,-0.939641437061175
0,-0.939641437061175
0,-0.939641437061175
0,-0.939641437061175
5.03336203745696,0.65982839869545
5.03336203745696,0.65982839869545
5.03336203745696,0.65982839869545
5.03336203745696,0.65982839869545
0,-0.939641437061175
0,-0.939641437061175
0,-0.939641437061175
0,-0.939641437061175
6.24710217319952,1.0455230340347
6.24710217319952,1.0455230340347
6.24710217319952,1.0455230340347
5.1622744816833,0.700793376866953
5.1622744816833,0.700793376866953
5.1622744816833,0.700793376866953
5.1622744816833,0.700793376866953
5.37692335100319,0.76900313193752
5.37692335100319,0.76900313193752
5.37692335100319,0.76900313193752
5.37692335100319,0.76900313193752
0,-0.939641437061175
0,-0.939641437061175
0,-0.939641437061175
0,-0.939641437061175
4.53866830767216,0.502627765631413
4.53866830767216,0.502627765631413
4.53866830767216,0.502627765631413
4.53866830767216,0.502627765631413
0,-0.939641437061175
0,-0.939641437061175
0,-0.939641437061175
0,-0.939641437061175
4.51637985378092,0.495545082244167
4.51637985378092,0.495545082244167
4.51637985378092,0.495545082244167
4.51637985378092,0.495545082244167
0,-0.939641437061175
0,-0.939641437061175
0,-0.939641437061175
0,-0.939641437061175
4.51803611291992,0.496071397759187
4.51803611291992,0.496071397759187
4.51803611291992,0.496071397759187
4.51803611291992,0.496071397759187
0,-0.939641437061175
0,-0.939641437061175
0,-0.939641437061175
0,-0.939641437061175
4.56445139886848,0.510820952677007
4.56445139886848,0.510820952677007
4.56445139886848,0.510820952677007
4.56445139886848,0.510820952677007
0,-0.939641437061175
0,-0.939641437061175
0,-0.939641437061175
0,-0.939641437061175
4.56359566504948,0.510549023016326
4.56359566504948,0.510549023016326
4.56359566504948,0.510549023016326
4.56359566504948,0.510549023016326
0,-0.939641437061175
0,-0.939641437061175
0,-0.939641437061175
0,-0.939641437061175
4.58341225684064,0.516846213757145
4.58341225684064,0.516846213757145
4.58341225684064,0.516846213757145
4.58341225684064,0.516846213757145
0,-0.939641437061175
0,-0.939641437061175
0,-0.939641437061175
0,-0.939641437061175
4.51725049059444,0.49582174768384
4.51725049059444,0.49582174768384
4.51725049059444,0.49582174768384
4.51725049059444,0.49582174768384
0,-0.939641437061175
0,-0.939641437061175
0,-0.939641437061175
0,-0.939641437061175
4.6508036744774,0.538261430643339
4.6508036744774,0.538261430643339
4.6508036744774,0.538261430643339
4.6508036744774,0.538261430643339
0,-0.939641437061175
0,-0.939641437061175
0,-0.939641437061175
0,-0.939641437061175
4.67191262356828,0.544969298482793
4.67191262356828,0.544969298482793
4.67191262356828,0.544969298482793
4.67191262356828,0.544969298482793
0,-0.939641437061175
0,-0.939641437061175
0,-0.939641437061175
0,-0.939641437061175
4.51587692544568,0.495385264870456
4.51587692544568,0.495385264870456
4.51587692544568,0.495385264870456
4.51587692544568,0.495385264870456
0,-0.939641437061175
0,-0.939641437061175
0,-0.939641437061175
0,-0.939641437061175
4.91707641451663,0.622875891635339
4.91707641451663,0.622875891635339
4.91707641451663,0.622875891635339
4.91707641451663,0.622875891635339
0,-0.939641437061175
0,-0.939641437061175
0,-0.939641437061175
0,-0.939641437061175
8.08293960731343,1.62890379968723
8.08293960731343,1.62890379968723
8.08293960731343,1.62890379968723
8.08293960731343,1.62890379968723
0,-0.939641437061175
0,-0.939641437061175
0,-0.939641437061175
0,-0.939641437061175
4.58677994880216,0.517916377530084
4.58677994880216,0.517916377530084
4.58677994880216,0.517916377530084
4.58677994880216,0.517916377530084
0,-0.939641437061175
0,-0.939641437061175
0,-0.939641437061175
0,-0.939641437061175
4.50648195008728,0.492399789241719
4.50648195008728,0.492399789241719
4.50648195008728,0.492399789241719
4.50648195008728,0.492399789241719
0,-0.939641437061175
0,-0.939641437061175
0,-0.939641437061175
0,-0.939641437061175
4.54062211217724,0.503248633224005
4.54062211217724,0.503248633224005
4.54062211217724,0.503248633224005
4.54062211217724,0.503248633224005
0,-0.939641437061175
0,-0.939641437061175
0,-0.939641437061175
0,-0.939641437061175
5.80115773719524,0.903813642080704
5.80115773719524,0.903813642080704
5.80115773719524,0.903813642080704
5.80115773719524,0.903813642080704
0,-0.939641437061175
0,-0.939641437061175
0,-0.939641437061175
0,-0.939641437061175
4.61671433041328,0.527428735290704
4.61671433041328,0.527428735290704
4.61671433041328,0.527428735290704
4.61671433041328,0.527428735290704
0,-0.939641437061175
0,-0.939641437061175
0,-0.939641437061175
0,-0.939641437061175
4.54122326766768,0.503439664599535
4.54122326766768,0.503439664599535
4.54122326766768,0.503439664599535
4.54122326766768,0.503439664599535
0,-0.939641437061175
0,-0.939641437061175
0,-0.939641437061175
0,-0.939641437061175
4.609176445204,0.525033393980479
4.609176445204,0.525033393980479
4.609176445204,0.525033393980479
4.609176445204,0.525033393980479
0,-0.939641437061175
0,-0.939641437061175
0,-0.939641437061175
0,-0.939641437061175
5.46529688533778,0.797085912670453
5.46529688533778,0.797085912670453
5.46529688533778,0.797085912670453
5.46529688533778,0.797085912670453
0,-0.939641437061175
0,-0.939641437061175
0,-0.939641437061175
0,-0.939641437061175
7.33676344820311,1.39178867667878
7.33676344820311,1.39178867667878
7.33676344820311,1.39178867667878
7.33676344820311,1.39178867667878
0,-0.939641437061175
0,-0.939641437061175
0,-0.939641437061175
0,-0.939641437061175
4.4869735505532,0.486200533879906
4.4869735505532,0.486200533879906
4.4869735505532,0.486200533879906
4.4869735505532,0.486200533879906
0,-0.939641437061175
0,-0.939641437061175
0,-0.939641437061175
0,-0.939641437061175
4.48635649039364,0.486004448419588
4.48635649039364,0.486004448419588
4.48635649039364,0.486004448419588
4.48635649039364,0.486004448419588
0,-0.939641437061175
0,-0.939641437061175
0,-0.939641437061175
0,-0.939641437061175
4.4831616175062,0.48498920199493
4.4831616175062,0.48498920199493
4.4831616175062,0.48498920199493
4.4831616175062,0.48498920199493
0,-0.939641437061175
0,-0.939641437061175
0,-0.939641437061175
0,-0.939641437061175
4.54835651071564,0.505706421292463
4.54835651071564,0.505706421292463
4.54835651071564,0.505706421292463
4.54835651071564,0.505706421292463
0,-0.939641437061175
0,-0.939641437061175
0,-0.939641437061175
0,-0.939641437061175
4.62074751122916,0.528710373887162
4.62074751122916,0.528710373887162
4.62074751122916,0.528710373887162
4.62074751122916,0.528710373887162
0,-0.939641437061175
0,-0.939641437061175
0,-0.939641437061175
0,-0.939641437061175
4.49733395674468,0.489492797990086
4.49733395674468,0.489492797990086
4.49733395674468,0.489492797990086
4.49733395674468,0.489492797990086
0,-0.939641437061175
0,-0.939641437061175
0,-0.939641437061175
0,-0.939641437061175
4.55547390214388,0.507968140758304
4.55547390214388,0.507968140758304
4.55547390214388,0.507968140758304
4.55547390214388,0.507968140758304
0,-0.939641437061175
0,-0.939641437061175
0,-0.939641437061175
0,-0.939641437061175
4.6026347237216,0.522954607255591
4.6026347237216,0.522954607255591
4.6026347237216,0.522954607255591
4.6026347237216,0.522954607255591
0,-0.939641437061175
0,-0.939641437061175
0,-0.939641437061175
0,-0.939641437061175
4.47776768899944,0.483275153635486
4.47776768899944,0.483275153635486
4.47776768899944,0.483275153635486
4.47776768899944,0.483275153635486
0,-0.939641437061175
0,-0.939641437061175
0,-0.939641437061175
0,-0.939641437061175
4.503282853986,0.491383200790976
4.503282853986,0.491383200790976
4.503282853986,0.491383200790976
4.503282853986,0.491383200790976
0,-0.939641437061175
0,-0.939641437061175
0,-0.939641437061175
0,-0.939641437061175
4.48797305843968,0.486518151151052
4.48797305843968,0.486518151151052
4.48797305843968,0.486518151151052
4.48797305843968,0.486518151151052
0,-0.939641437061175
0,-0.939641437061175
0,-0.939641437061175
0,-0.939641437061175
4.479996568763,0.483983432897501
4.479996568763,0.483983432897501
4.479996568763,0.483983432897501
4.479996568763,0.483983432897501
0,-0.939641437061175
0,-0.939641437061175
0,-0.939641437061175
0,-0.939641437061175
4.4696267269948,0.48068817040965
4.4696267269948,0.48068817040965
4.4696267269948,0.48068817040965
4.4696267269948,0.48068817040965
0,-0.939641437061175
0,-0.939641437061175
0,-0.939641437061175
0,-0.939641437061175
9.39252875186961,2.04505672458397
9.39252875186961,2.04505672458397
9.39252875186961,2.04505672458397
2.29800675091633,-0.209395439832492
2.29800675091633,-0.209395439832492
2.29800675091633,-0.209395439832492
6.4899685904696,1.12269958236382
6.4899685904696,1.12269958236382
6.4899685904696,1.12269958236382
2.16502616944415,-0.251653164832854
2.16502616944415,-0.251653164832854
2.16502616944415,-0.251653164832854
2.16502616944415,-0.251653164832854
8.35057505915633,1.71395129458551
8.35057505915633,1.71395129458551
8.35057505915633,1.71395129458551
0,-0.939641437061175
0,-0.939641437061175
0,-0.939641437061175
0,-0.939641437061175
4.4886557338482,0.48673508740865
4.4886557338482,0.48673508740865
4.4886557338482,0.48673508740865
4.4886557338482,0.48673508740865
0,-0.939641437061175
0,-0.939641437061175
0,-0.939641437061175
0,-0.939641437061175
4.53265950752816,0.50071832726638
4.53265950752816,0.50071832726638
4.53265950752816,0.50071832726638
0,-0.939641437061175
0,-0.939641437061175
0,-0.939641437061175
4.480161494298,0.484035841887042
4.480161494298,0.484035841887042
4.480161494298,0.484035841887042
4.480161494298,0.484035841887042
0,-0.939641437061175
0,-0.939641437061175
0,-0.939641437061175
0,-0.939641437061175
7.52194923975493,1.45063584193207
7.52194923975493,1.45063584193207
7.52194923975493,1.45063584193207
0,-0.939641437061175
0,-0.939641437061175
0,-0.939641437061175
4.45796029782884,0.476980886609462
4.45796029782884,0.476980886609462
4.45796029782884,0.476980886609462
0,-0.939641437061175
0,-0.939641437061175
0,-0.939641437061175
6.07116869871632,0.989616011364438
6.07116869871632,0.989616011364438
6.07116869871632,0.989616011364438
2.02041179416382,-0.297607802976576
2.02041179416382,-0.297607802976576
2.02041179416382,-0.297607802976576
4.7746393651198,0.577613150288898
4.7746393651198,0.577613150288898
4.7746393651198,0.577613150288898
4.7746393651198,0.577613150288898
0,-0.939641437061175
0,-0.939641437061175
0,-0.939641437061175
4.65551630592968,0.539758980749782
4.65551630592968,0.539758980749782
4.65551630592968,0.539758980749782
4.65551630592968,0.539758980749782
0,-0.939641437061175
0,-0.939641437061175
0,-0.939641437061175
0,-0.939641437061175
4.6332134653912,0.532671725665104
4.6332134653912,0.532671725665104
4.6332134653912,0.532671725665104
4.6332134653912,0.532671725665104
0,-0.939641437061175
0,-0.939641437061175
0,-0.939641437061175
0,-0.939641437061175
4.52491183168772,0.498256320021167
4.52491183168772,0.498256320021167
4.52491183168772,0.498256320021167
4.52491183168772,0.498256320021167
0,-0.939641437061175
0,-0.939641437061175
0,-0.939641437061175
0,-0.939641437061175
4.58431455252384,0.51713293955145
4.58431455252384,0.51713293955145
4.58431455252384,0.51713293955145
4.58431455252384,0.51713293955145
0,-0.939641437061175
0,-0.939641437061175
0,-0.939641437061175
0,-0.939641437061175
6.57607158903623,1.1500608466541
6.57607158903623,1.1500608466541
6.57607158903623,1.1500608466541
0,-0.939641437061175
0,-0.939641437061175
0,-0.939641437061175
4.5365309641574,0.501948574177457
4.5365309641574,0.501948574177457
4.5365309641574,0.501948574177457
0,-0.939641437061175
0,-0.939641437061175
0,-0.939641437061175
4.67059308052584,0.544549982471415
4.67059308052584,0.544549982471415
4.67059308052584,0.544549982471415
0,-0.939641437061175
0,-0.939641437061175
0,-0.939641437061175
4.92902389534148,0.626672486247532
4.92902389534148,0.626672486247532
4.92902389534148,0.626672486247532
0,-0.939641437061175
0,-0.939641437061175
0,-0.939641437061175
6.85332842735643,1.23816576466919
6.85332842735643,1.23816576466919
6.85332842735643,1.23816576466919
0,-0.939641437061175
0,-0.939641437061175
0,-0.939641437061175
5.32128722332486,0.751323436470043
5.32128722332486,0.751323436470043
5.32128722332486,0.751323436470043
0,-0.939641437061175
0,-0.939641437061175
0,-0.939641437061175
4.92321699463781,0.624827206204962
4.92321699463781,0.624827206204962
4.92321699463781,0.624827206204962
0,-0.939641437061175
0,-0.939641437061175
0,-0.939641437061175
4.78014778788072,0.579363581905603
4.78014778788072,0.579363581905603
4.78014778788072,0.579363581905603
4.6915001682188,0.551193704077283
4.6915001682188,0.551193704077283
4.6915001682188,0.551193704077283
7.6812547170868,1.50125892522449
7.6812547170868,1.50125892522449
7.6812547170868,1.50125892522449
0,-0.939641437061175
0,-0.939641437061175
0,-0.939641437061175
4.57990827131928,0.515732739481972
4.57990827131928,0.515732739481972
4.57990827131928,0.515732739481972
4.57990827131928,0.515732739481972
0,-0.939641437061175
0,-0.939641437061175
0,-0.939641437061175
0,-0.939641437061175
7.88576137732176,1.56624575347625
7.88576137732176,1.56624575347625
7.88576137732176,1.56624575347625
7.88576137732176,1.56624575347625
0,-0.939641437061175
0,-0.939641437061175
0,-0.939641437061175
0,-0.939641437061175
4.55106753665588,0.50656791390577
4.55106753665588,0.50656791390577
4.55106753665588,0.50656791390577
4.55106753665588,0.50656791390577
0,-0.939641437061175
0,-0.939641437061175
0,-0.939641437061175
0,-0.939641437061175
4.5458426060878,0.504907568638456
4.5458426060878,0.504907568638456
4.5458426060878,0.504907568638456
4.5458426060878,0.504907568638456
0,-0.939641437061175
0,-0.939641437061175
0,-0.939641437061175
0,-0.939641437061175
4.50171066626804,0.490883600958437
4.50171066626804,0.490883600958437
4.50171066626804,0.490883600958437
4.50171066626804,0.490883600958437
0,-0.939641437061175
0,-0.939641437061175
0,-0.939641437061175
0,-0.939641437061175
4.4801794793314,0.484041557056784
4.4801794793314,0.484041557056784
4.4801794793314,0.484041557056784
4.4801794793314,0.484041557056784
0,-0.939641437061175
0,-0.939641437061175
0,-0.939641437061175
0,-0.939641437061175
4.46853335790652,0.480340726521641
4.46853335790652,0.480340726521641
4.46853335790652,0.480340726521641
4.46853335790652,0.480340726521641
0,-0.939641437061175
0,-0.939641437061175
0,-0.939641437061175
0,-0.939641437061175
4.49131178602176,0.487579110807362
4.49131178602176,0.487579110807362
4.49131178602176,0.487579110807362
0,-0.939641437061175
0,-0.939641437061175
0,-0.939641437061175
4.45136766292292,0.474885920940054
4.45136766292292,0.474885920940054
4.45136766292292,0.474885920940054
0,-0.939641437061175
0,-0.939641437061175
0,-0.939641437061175
4.4611829868134,0.478004972256882
4.4611829868134,0.478004972256882
4.4611829868134,0.478004972256882
0,-0.939641437061175
0,-0.939641437061175
0,-0.939641437061175
0,-0.939641437061175
4.4588325901052,0.477258078111607
4.4588325901052,0.477258078111607
4.4588325901052,0.477258078111607
0,-0.939641437061175
0,-0.939641437061175
0,-0.939641437061175
4.43003839540272,0.468108041708744
4.43003839540272,0.468108041708744
4.43003839540272,0.468108041708744
4.43003839540272,0.468108041708744
0,-0.939641437061175
0,-0.939641437061175
0,-0.939641437061175
4.45029918470924,0.474546386716164
4.45029918470924,0.474546386716164
4.45029918470924,0.474546386716164
4.45029918470924,0.474546386716164
0,-0.939641437061175
0,-0.939641437061175
0,-0.939641437061175
4.47642309156732,0.482847875999205
4.47642309156732,0.482847875999205
4.47642309156732,0.482847875999205
4.47642309156732,0.482847875999205
0,-0.939641437061175
0,-0.939641437061175
0,-0.939641437061175
0,-0.939641437061175
4.48996286576548,0.487150459491461
4.48996286576548,0.487150459491461
4.48996286576548,0.487150459491461
4.48996286576548,0.487150459491461
0,-0.939641437061175
0,-0.939641437061175
0,-0.939641437061175
4.53261056000288,0.500702773032523
4.53261056000288,0.500702773032523
4.53261056000288,0.500702773032523
4.53261056000288,0.500702773032523
0,-0.939641437061175
0,-0.939641437061175
0,-0.939641437061175
0,-0.939641437061175
4.54475070738696,0.504560592000834
4.54475070738696,0.504560592000834
4.54475070738696,0.504560592000834
4.54475070738696,0.504560592000834
0,-0.939641437061175
0,-0.939641437061175
0,-0.939641437061175
0,-0.939641437061175
6.48551803630652,1.12128531351464
6.48551803630652,1.12128531351464
6.48551803630652,1.12128531351464
6.48551803630652,1.12128531351464
0,-0.939641437061175
0,-0.939641437061175
0,-0.939641437061175
0,-0.939641437061175
4.73431084418228,0.564797808916627
4.73431084418228,0.564797808916627
4.73431084418228,0.564797808916627
4.73431084418228,0.564797808916627
0,-0.939641437061175
0,-0.939641437061175
0,-0.939641437061175
0,-0.939641437061175
6.60390149721985,1.15890445820843
6.60390149721985,1.15890445820843
6.60390149721985,1.15890445820843
6.60390149721985,1.15890445820843
0,-0.939641437061175
0,-0.939641437061175
0,-0.939641437061175
0,-0.939641437061175
4.4751086627034,0.482430185139012
4.4751086627034,0.482430185139012
4.4751086627034,0.482430185139012
4.4751086627034,0.482430185139012
0,-0.939641437061175
0,-0.939641437061175
0,-0.939641437061175
0,-0.939641437061175
4.48257813592472,0.484803786921992
4.48257813592472,0.484803786921992
4.48257813592472,0.484803786921992
4.48257813592472,0.484803786921992
0,-0.939641437061175
0,-0.939641437061175
0,-0.939641437061175
0,-0.939641437061175
4.78694985379996,0.581525099232925
4.78694985379996,0.581525099232925
4.78694985379996,0.581525099232925
4.78694985379996,0.581525099232925
1.61854056514799,-0.425311890996842
1.61854056514799,-0.425311890996842
1.61854056514799,-0.425311890996842
1.61854056514799,-0.425311890996842
4.53108982171128,0.500219522472084
4.53108982171128,0.500219522472084
4.53108982171128,0.500219522472084
4.53108982171128,0.500219522472084
0,-0.939641437061175
0,-0.939641437061175
0,-0.939641437061175
0,-0.939641437061175
4.51768920764968,0.495961160404615
4.51768920764968,0.495961160404615
4.51768920764968,0.495961160404615
4.51768920764968,0.495961160404615
0,-0.939641437061175
0,-0.939641437061175
0,-0.939641437061175
0,-0.939641437061175
4.61415232121532,0.526614596271779
4.61415232121532,0.526614596271779
4.61415232121532,0.526614596271779
4.61415232121532,0.526614596271779
0,-0.939641437061175
0,-0.939641437061175
0,-0.939641437061175
4.52231415204476,0.497430845874671
4.52231415204476,0.497430845874671
4.52231415204476,0.497430845874671
4.52231415204476,0.497430845874671
0,-0.939641437061175
0,-0.939641437061175
0,-0.939641437061175
0,-0.939641437061175
4.44235071916796,0.472020573794459
4.44235071916796,0.472020573794459
4.44235071916796,0.472020573794459
0,-0.939641437061175
0,-0.939641437061175
0,-0.939641437061175
4.50896987474808,0.493190386146724
4.50896987474808,0.493190386146724
4.50896987474808,0.493190386146724
4.50896987474808,0.493190386146724
0,-0.939641437061175
0,-0.939641437061175
0,-0.939641437061175
0,-0.939641437061175
4.52045305036156,0.496839436796325
4.52045305036156,0.496839436796325
4.52045305036156,0.496839436796325
4.52045305036156,0.496839436796325
0,-0.939641437061175
0,-0.939641437061175
0,-0.939641437061175
0,-0.939641437061175
7.4700698561625,1.43414994075185
7.4700698561625,1.43414994075185
7.4700698561625,1.43414994075185
0,-0.939641437061175
0,-0.939641437061175
0,-0.939641437061175
4.45915413736448,0.477360257358432
4.45915413736448,0.477360257358432
0,-0.939641437061175
0,-0.939641437061175
4.50154740850964,0.490831721944356
4.50154740850964,0.490831721944356
4.50154740850964,0.490831721944356
0,-0.939641437061175
0,-0.939641437061175
0,-0.939641437061175
4.51139313665824,0.49396043493332
4.51139313665824,0.49396043493332
4.51139313665824,0.49396043493332
0,-0.939641437061175
0,-0.939641437061175
0,-0.939641437061175
4.65357493787028,0.53914206513195
4.65357493787028,0.53914206513195
0,-0.939641437061175
0,-0.939641437061175
7.53778883000247,1.45566924636893
7.53778883000247,1.45566924636893
0,-0.939641437061175
0,-0.939641437061175
4.49442516289944,0.488568459947387
4.49442516289944,0.488568459947387
0,-0.939641437061175
0,-0.939641437061175
4.59387965000904,0.520172475509681
4.59387965000904,0.520172475509681
4.59387965000904,0.520172475509681
4.59387965000904,0.520172475509681
0,-0.939641437061175
0,-0.939641437061175
0,-0.939641437061175
0,-0.939641437061175
7.47826421385997,1.43675389172199
7.47826421385997,1.43675389172199
7.47826421385997,1.43675389172199
7.47826421385997,1.43675389172199
0,-0.939641437061175
0,-0.939641437061175
0,-0.939641437061175
0,-0.939641437061175
5.25132111382514,0.729090050348151
5.25132111382514,0.729090050348151
5.25132111382514,0.729090050348151
5.25132111382514,0.729090050348151
0,-0.939641437061175
0,-0.939641437061175
0,-0.939641437061175
0,-0.939641437061175
4.57871893278928,0.515354799034
4.57871893278928,0.515354799034
4.57871893278928,0.515354799034
4.57871893278928,0.515354799034
0,-0.939641437061175
0,-0.939641437061175
0,-0.939641437061175
0,-0.939641437061175
4.57063653703296,0.512786426618768
4.57063653703296,0.512786426618768
4.57063653703296,0.512786426618768
4.57063653703296,0.512786426618768
0,-0.939641437061175
0,-0.939641437061175
0,-0.939641437061175
0,-0.939641437061175
9.18589330397788,1.97939342370449
9.18589330397788,1.97939342370449
9.18589330397788,1.97939342370449
9.18589330397788,1.97939342370449
0,-0.939641437061175
0,-0.939641437061175
0,-0.939641437061175
0,-0.939641437061175
9.31562245246342,2.02061792897093
9.31562245246342,2.02061792897093
9.31562245246342,2.02061792897093
9.31562245246342,2.02061792897093
0,-0.939641437061175
0,-0.939641437061175
0,-0.939641437061175
0,-0.939641437061175
4.59655684505704,0.521023217556815
4.59655684505704,0.521023217556815
4.59655684505704,0.521023217556815
4.59655684505704,0.521023217556815
0,-0.939641437061175
0,-0.939641437061175
0,-0.939641437061175
0,-0.939641437061175
4.59301232674776,0.519896863029605
4.59301232674776,0.519896863029605
4.59301232674776,0.519896863029605
4.59301232674776,0.519896863029605
0,-0.939641437061175
0,-0.939641437061175
0,-0.939641437061175
0,-0.939641437061175
4.94505516592688,0.631766801645348
4.94505516592688,0.631766801645348
4.94505516592688,0.631766801645348
4.94505516592688,0.631766801645348
0,-0.939641437061175
0,-0.939641437061175
0,-0.939641437061175
0,-0.939641437061175
4.54507847027652,0.504664746411192
4.54507847027652,0.504664746411192
4.54507847027652,0.504664746411192
4.54507847027652,0.504664746411192
0,-0.939641437061175
0,-0.939641437061175
0,-0.939641437061175
0,-0.939641437061175
4.68418218652304,0.548868242309605
4.68418218652304,0.548868242309605
4.68418218652304,0.548868242309605
4.68418218652304,0.548868242309605
0,-0.939641437061175
0,-0.939641437061175
0,-0.939641437061175
0,-0.939641437061175
4.55932269549076,0.509191185875382
4.55932269549076,0.509191185875382
4.55932269549076,0.509191185875382
4.55932269549076,0.509191185875382
0,-0.939641437061175
0,-0.939641437061175
0,-0.939641437061175
0,-0.939641437061175
7.11301097776025,1.32068603703432
7.11301097776025,1.32068603703432
7.11301097776025,1.32068603703432
7.11301097776025,1.32068603703432
0,-0.939641437061175
0,-0.939641437061175
0,-0.939641437061175
0,-0.939641437061175
7.923930706218,1.57837496050851
7.923930706218,1.57837496050851
7.923930706218,1.57837496050851
7.923930706218,1.57837496050851
0,-0.939641437061175
0,-0.939641437061175
0,-0.939641437061175
0,-0.939641437061175
4.51609012391392,0.495453013726279
4.51609012391392,0.495453013726279
4.51609012391392,0.495453013726279
4.51609012391392,0.495453013726279
0,-0.939641437061175
0,-0.939641437061175
0,-0.939641437061175
0,-0.939641437061175
11.9742274782491,2.86545255685787
11.9742274782491,2.86545255685787
11.9742274782491,2.86545255685787
11.9742274782491,2.86545255685787
2.05402558440631,-0.286926226098496
2.05402558440631,-0.286926226098496
2.05402558440631,-0.286926226098496
2.05402558440631,-0.286926226098496
6.90182020638197,1.25357517437514
6.90182020638197,1.25357517437514
6.90182020638197,1.25357517437514
6.90182020638197,1.25357517437514
0,-0.939641437061175
0,-0.939641437061175
0,-0.939641437061175
0,-0.939641437061175
4.57648620648632,0.514645297443113
4.57648620648632,0.514645297443113
4.57648620648632,0.514645297443113
4.57648620648632,0.514645297443113
0,-0.939641437061175
0,-0.939641437061175
0,-0.939641437061175
0,-0.939641437061175
11.5041032533913,2.71605946509879
11.5041032533913,2.71605946509879
11.5041032533913,2.71605946509879
11.5041032533913,2.71605946509879
4.29629499002404,0.425607911369887
4.29629499002404,0.425607911369887
4.29629499002404,0.425607911369887
4.29629499002404,0.425607911369887
7.18104900078708,1.34230672807663
7.18104900078708,1.34230672807663
7.18104900078708,1.34230672807663
7.18104900078708,1.34230672807663
0,-0.939641437061175
0,-0.939641437061175
0,-0.939641437061175
0,-0.939641437061175
9.67788873633468,2.13573660894104
9.67788873633468,2.13573660894104
9.67788873633468,2.13573660894104
9.67788873633468,2.13573660894104
0,-0.939641437061175
0,-0.939641437061175
0,-0.939641437061175
0,-0.939641437061175
6.30682078434322,1.06450003518161
6.30682078434322,1.06450003518161
6.30682078434322,1.06450003518161
6.30682078434322,1.06450003518161
0,-0.939641437061175
0,-0.939641437061175
0,-0.939641437061175
0,-0.939641437061175
5.01727068500512,0.654714990863525
5.01727068500512,0.654714990863525
5.01727068500512,0.654714990863525
5.01727068500512,0.654714990863525
0,-0.939641437061175
0,-0.939641437061175
0,-0.939641437061175
0,-0.939641437061175
4.4481707964968,0.473870041021329
4.4481707964968,0.473870041021329
4.4481707964968,0.473870041021329
0,-0.939641437061175
0,-0.939641437061175
0,-0.939641437061175
4.4481707964968,0.473870041021329
4.4481707964968,0.473870041021329
4.4481707964968,0.473870041021329
0,-0.939641437061175
0,-0.939641437061175
0,-0.939641437061175
4.44408669546988,0.472572221323456
4.44408669546988,0.472572221323456
4.44408669546988,0.472572221323456
0,-0.939641437061175
0,-0.939641437061175
0,-0.939641437061175
4.47456595173644,0.482257725893139
4.47456595173644,0.482257725893139
4.47456595173644,0.482257725893139
0,-0.939641437061175
0,-0.939641437061175
0,-0.939641437061175
4.43254330336032,0.468904035457994
4.43254330336032,0.468904035457994
4.43254330336032,0.468904035457994
0,-0.939641437061175
0,-0.939641437061175
0,-0.939641437061175
4.49337386959872,0.488234386636045
4.49337386959872,0.488234386636045
4.49337386959872,0.488234386636045
0,-0.939641437061175
0,-0.939641437061175
0,-0.939641437061175
4.85077735790448,0.60180779830108
4.85077735790448,0.60180779830108
4.85077735790448,0.60180779830108
0,-0.939641437061175
0,-0.939641437061175
0,-0.939641437061175
4.44416851998208,0.472598222997509
4.44416851998208,0.472598222997509
4.44416851998208,0.472598222997509
0,-0.939641437061175
0,-0.939641437061175
0,-0.939641437061175
4.68653749464316,0.549616697172182
4.68653749464316,0.549616697172182
4.68653749464316,0.549616697172182
0,-0.939641437061175
0,-0.939641437061175
0,-0.939641437061175
4.55261354152816,0.507059193519822
4.55261354152816,0.507059193519822
4.55261354152816,0.507059193519822
0,-0.939641437061175
0,-0.939641437061175
0,-0.939641437061175
4.46080518821952,0.477884917818039
4.46080518821952,0.477884917818039
4.46080518821952,0.477884917818039
0,-0.939641437061175
0,-0.939641437061175
0,-0.939641437061175
4.5133861579198,0.494593764577832
4.5133861579198,0.494593764577832
4.5133861579198,0.494593764577832
0,-0.939641437061175
0,-0.939641437061175
0,-0.939641437061175
4.52619449910048,0.498663917929036
4.52619449910048,0.498663917929036
4.52619449910048,0.498663917929036
0,-0.939641437061175
0,-0.939641437061175
0,-0.939641437061175
4.47388167628132,0.48204028118289
4.47388167628132,0.48204028118289
4.47388167628132,0.48204028118289
0,-0.939641437061175
0,-0.939641437061175
0,-0.939641437061175
4.48338607865984,0.485060529835422
4.48338607865984,0.485060529835422
4.48338607865984,0.485060529835422
0,-0.939641437061175
0,-0.939641437061175
0,-0.939641437061175
4.44440767376492,0.472674219768437
4.44440767376492,0.472674219768437
4.44440767376492,0.472674219768437
4.44440767376492,0.472674219768437
0,-0.939641437061175
0,-0.939641437061175
0,-0.939641437061175
4.56142668264812,0.509859777557835
4.56142668264812,0.509859777557835
4.56142668264812,0.509859777557835
4.56142668264812,0.509859777557835
0,-0.939641437061175
0,-0.939641437061175
0,-0.939641437061175
0,-0.939641437061175
4.45587653623808,0.476318722079169
4.45587653623808,0.476318722079169
4.45587653623808,0.476318722079169
4.45587653623808,0.476318722079169
0,-0.939641437061175
0,-0.939641437061175
0,-0.939641437061175
0,-0.939641437061175
4.60394008164336,0.523369415609368
4.60394008164336,0.523369415609368
4.60394008164336,0.523369415609368
4.60394008164336,0.523369415609368
0,-0.939641437061175
0,-0.939641437061175
0,-0.939641437061175
4.59468373411452,0.520427992252279
4.59468373411452,0.520427992252279
4.59468373411452,0.520427992252279
4.59468373411452,0.520427992252279
0,-0.939641437061175
0,-0.939641437061175
0,-0.939641437061175
0,-0.939641437061175
8.50971316262031,1.76452119087272
8.50971316262031,1.76452119087272
8.50971316262031,1.76452119087272
8.50971316262031,1.76452119087272
0,-0.939641437061175
0,-0.939641437061175
0,-0.939641437061175
0,-0.939641437061175
4.61648172394564,0.527354819084037
4.61648172394564,0.527354819084037
4.61648172394564,0.527354819084037
4.61648172394564,0.527354819084037
0,-0.939641437061175
0,-0.939641437061175
0,-0.939641437061175
0,-0.939641437061175
4.84777737507498,0.600854482801844
4.84777737507498,0.600854482801844
4.84777737507498,0.600854482801844
4.84777737507498,0.600854482801844
0,-0.939641437061175
0,-0.939641437061175
0,-0.939641437061175
0,-0.939641437061175
4.49063304340588,0.487363424287644
4.49063304340588,0.487363424287644
4.49063304340588,0.487363424287644
4.49063304340588,0.487363424287644
0,-0.939641437061175
0,-0.939641437061175
0,-0.939641437061175
0,-0.939641437061175
4.74124769232628,0.567002156483717
4.74124769232628,0.567002156483717
4.74124769232628,0.567002156483717
4.74124769232628,0.567002156483717
0,-0.939641437061175
0,-0.939641437061175
0,-0.939641437061175
0,-0.939641437061175
9.9517987568692,2.22277799644628
9.9517987568692,2.22277799644628
9.9517987568692,2.22277799644628
9.9517987568692,2.22277799644628
0,-0.939641437061175
0,-0.939641437061175
0,-0.939641437061175
0,-0.939641437061175
10.0658274930333,2.25901332435367
10.0658274930333,2.25901332435367
10.0658274930333,2.25901332435367
10.0658274930333,2.25901332435367
0,-0.939641437061175
0,-0.939641437061175
0,-0.939641437061175
0,-0.939641437061175
6.403670803997,1.09527641960932
6.403670803997,1.09527641960932
6.403670803997,1.09527641960932
6.403670803997,1.09527641960932
0,-0.939641437061175
0,-0.939641437061175
0,-0.939641437061175
0,-0.939641437061175
8.42867664717817,1.73876992142697
8.42867664717817,1.73876992142697
8.42867664717817,1.73876992142697
8.42867664717817,1.73876992142697
0,-0.939641437061175
0,-0.939641437061175
0,-0.939641437061175
0,-0.939641437061175
4.54880486685504,0.505848897060212
4.54880486685504,0.505848897060212
4.54880486685504,0.505848897060212
4.54880486685504,0.505848897060212
0,-0.939641437061175
0,-0.939641437061175
0,-0.939641437061175
0,-0.939641437061175
4.60595326221996,0.52400915135304
4.60595326221996,0.52400915135304
4.60595326221996,0.52400915135304
4.60595326221996,0.52400915135304
0,-0.939641437061175
0,-0.939641437061175
0,-0.939641437061175
0,-0.939641437061175
4.5021864352554,0.49103478780699
4.5021864352554,0.49103478780699
4.5021864352554,0.49103478780699
4.5021864352554,0.49103478780699
0,-0.939641437061175
0,-0.939641437061175
0,-0.939641437061175
0,-0.939641437061175
6.07211534716659,0.989916831299505
6.07211534716659,0.989916831299505
6.07211534716659,0.989916831299505
6.07211534716659,0.989916831299505
0,-0.939641437061175
0,-0.939641437061175
0,-0.939641437061175
0,-0.939641437061175
6.35565845010325,1.0800193585783
6.35565845010325,1.0800193585783
6.35565845010325,1.0800193585783
6.35565845010325,1.0800193585783
2.15604631943406,-0.254506724563683
2.15604631943406,-0.254506724563683
2.15604631943406,-0.254506724563683
2.15604631943406,-0.254506724563683
4.54933152348968,0.506016254662276
4.54933152348968,0.506016254662276
4.54933152348968,0.506016254662276
4.54933152348968,0.506016254662276
0,-0.939641437061175
0,-0.939641437061175
0,-0.939641437061175
0,-0.939641437061175
4.57971673156236,0.51567187319394
4.57971673156236,0.51567187319394
4.57971673156236,0.51567187319394
4.57971673156236,0.51567187319394
0,-0.939641437061175
0,-0.939641437061175
0,-0.939641437061175
0,-0.939641437061175
4.64805968362844,0.537389462650605
4.64805968362844,0.537389462650605
4.64805968362844,0.537389462650605
4.64805968362844,0.537389462650605
0,-0.939641437061175
0,-0.939641437061175
0,-0.939641437061175
0,-0.939641437061175
8.52215628830269,1.76847528836131
8.52215628830269,1.76847528836131
8.52215628830269,1.76847528836131
8.52215628830269,1.76847528836131
0,-0.939641437061175
0,-0.939641437061175
0,-0.939641437061175
0,-0.939641437061175
9.90041964352184,2.20645106796876
9.90041964352184,2.20645106796876
9.90041964352184,2.20645106796876
9.90041964352184,2.20645106796876
1.67691017191521,-0.406763567897016
1.67691017191521,-0.406763567897016
1.67691017191521,-0.406763567897016
1.67691017191521,-0.406763567897016
6.66198882817202,1.17736308149168
6.66198882817202,1.17736308149168
6.66198882817202,1.17736308149168
6.66198882817202,1.17736308149168
0,-0.939641437061175
0,-0.939641437061175
0,-0.939641437061175
0,-0.939641437061175
6.65837285449689,1.17621402033191
6.65837285449689,1.17621402033191
6.65837285449689,1.17621402033191
6.65837285449689,1.17621402033191
0,-0.939641437061175
0,-0.939641437061175
0,-0.939641437061175
0,-0.939641437061175
12.4117658141771,3.00449071169276
12.4117658141771,3.00449071169276
12.4117658141771,3.00449071169276
12.4117658141771,3.00449071169276
0,-0.939641437061175
0,-0.939641437061175
0,-0.939641437061175
0,-0.939641437061175
7.79558642332921,1.53759052904008
7.79558642332921,1.53759052904008
7.79558642332921,1.53759052904008
7.79558642332921,1.53759052904008
0,-0.939641437061175
0,-0.939641437061175
0,-0.939641437061175
0,-0.939641437061175
4.54702808301424,0.505284281970562
4.54702808301424,0.505284281970562
4.54702808301424,0.505284281970562
0,-0.939641437061175
0,-0.939641437061175
0,-0.939641437061175
4.566857173734,0.511585444541567
4.566857173734,0.511585444541567
4.566857173734,0.511585444541567
0,-0.939641437061175
0,-0.939641437061175
0,-0.939641437061175
4.55853149679812,0.508939763777478
4.55853149679812,0.508939763777478
0,-0.939641437061175
0,-0.939641437061175
4.61425893090668,0.526648474022726
4.61425893090668,0.526648474022726
4.61425893090668,0.526648474022726
0,-0.939641437061175
0,-0.939641437061175
4.56941776966684,0.512399134462073
4.56941776966684,0.512399134462073
4.56941776966684,0.512399134462073
0,-0.939641437061175
0,-0.939641437061175
0,-0.939641437061175
11.3823150969918,2.67735839788688
11.3823150969918,2.67735839788688
11.3823150969918,2.67735839788688
0,-0.939641437061175
0,-0.939641437061175
0,-0.939641437061175
4.51793517103284,0.496039321087104
4.51793517103284,0.496039321087104
4.51793517103284,0.496039321087104
0,-0.939641437061175
0,-0.939641437061175
0,-0.939641437061175
4.57071378886988,0.512810975217099
4.57071378886988,0.512810975217099
4.57071378886988,0.512810975217099
0,-0.939641437061175
0,-0.939641437061175
0,-0.939641437061175
4.56973258958776,0.512499175938021
4.56973258958776,0.512499175938021
4.56973258958776,0.512499175938021
0,-0.939641437061175
0,-0.939641437061175
0,-0.939641437061175
4.57168737603252,0.513120355565171
4.57168737603252,0.513120355565171
4.57168737603252,0.513120355565171
0,-0.939641437061175
0,-0.939641437061175
0,-0.939641437061175
4.56975877837788,0.512507498045495
4.56975877837788,0.512507498045495
4.56975877837788,0.512507498045495
0,-0.939641437061175
0,-0.939641437061175
0,-0.939641437061175
5.81689111534125,0.908813295110195
5.81689111534125,0.908813295110195
5.81689111534125,0.908813295110195
0,-0.939641437061175
0,-0.939641437061175
0,-0.939641437061175
4.6204736316902,0.528623342185898
4.6204736316902,0.528623342185898
4.6204736316902,0.528623342185898
0,-0.939641437061175
0,-0.939641437061175
0,-0.939641437061175
4.58578551223488,0.51760037179056
4.58578551223488,0.51760037179056
4.58578551223488,0.51760037179056
0,-0.939641437061175
0,-0.939641437061175
0,-0.939641437061175
4.55432269162404,0.50760231638736
4.55432269162404,0.50760231638736
0,-0.939641437061175
0,-0.939641437061175
4.64225237664288,0.535544053502354
4.64225237664288,0.535544053502354
0,-0.939641437061175
0,-0.939641437061175
4.58571729015472,0.51757869261101
4.58571729015472,0.51757869261101
4.58571729015472,0.51757869261101
0,-0.939641437061175
0,-0.939641437061175
0,-0.939641437061175
4.59933104582848,0.521904785466938
4.59933104582848,0.521904785466938
4.59933104582848,0.521904785466938
0,-0.939641437061175
0,-0.939641437061175
0,-0.939641437061175
6.88355190948472,1.24776999095691
6.88355190948472,1.24776999095691
0,-0.939641437061175
0,-0.939641437061175
4.60274987705892,0.522991199952115
4.60274987705892,0.522991199952115
0,-0.939641437061175
0,-0.939641437061175
4.5678873070914,0.511912793780447
4.5678873070914,0.511912793780447
0,-0.939641437061175
0,-0.939641437061175
8.92641077991948,1.89693671444161
8.92641077991948,1.89693671444161
1.87263259437211,-0.344568138962761
1.87263259437211,-0.344568138962761
4.57863686127766,0.51532871887004
4.57863686127766,0.51532871887004
0,-0.939641437061175
0,-0.939641437061175
6.05307156668137,0.983865219629569
6.05307156668137,0.983865219629569
0,-0.939641437061175
0,-0.939641437061175
11.9358176545433,2.85324692691172
11.9358176545433,2.85324692691172
2.97612769826977,0.00609353000813787
2.97612769826977,0.00609353000813787
7.72076630000093,1.51381466521773
7.72076630000093,1.51381466521773
6.58625759089673,1.15329768966313
6.58625759089673,1.15329768966313
10.2080956884866,2.30422240836587
10.2080956884866,2.30422240836587
0,-0.939641437061175
0,-0.939641437061175
4.68779132754112,0.550015132230984
4.68779132754112,0.550015132230984
0,-0.939641437061175
0,-0.939641437061175
4.68758719605324,0.549950264622622
4.68758719605324,0.549950264622622
0,-0.939641437061175
0,-0.939641437061175
